-- MySQL dump 10.13  Distrib 8.0.23, for Linux (x86_64)
--
-- Host: localhost    Database: pokeproject
-- ------------------------------------------------------
-- Server version	8.0.23-0ubuntu0.20.04.1

/*!40101 SET @OLD_CHARACTER_SET_CLIENT=@@CHARACTER_SET_CLIENT */;
/*!40101 SET @OLD_CHARACTER_SET_RESULTS=@@CHARACTER_SET_RESULTS */;
/*!40101 SET @OLD_COLLATION_CONNECTION=@@COLLATION_CONNECTION */;
/*!50503 SET NAMES utf8mb4 */;
/*!40103 SET @OLD_TIME_ZONE=@@TIME_ZONE */;
/*!40103 SET TIME_ZONE='+00:00' */;
/*!40014 SET @OLD_UNIQUE_CHECKS=@@UNIQUE_CHECKS, UNIQUE_CHECKS=0 */;
/*!40014 SET @OLD_FOREIGN_KEY_CHECKS=@@FOREIGN_KEY_CHECKS, FOREIGN_KEY_CHECKS=0 */;
/*!40101 SET @OLD_SQL_MODE=@@SQL_MODE, SQL_MODE='NO_AUTO_VALUE_ON_ZERO' */;
/*!40111 SET @OLD_SQL_NOTES=@@SQL_NOTES, SQL_NOTES=0 */;

--
-- Table structure for table `cart`
--

DROP TABLE IF EXISTS `cart`;
/*!40101 SET @saved_cs_client     = @@character_set_client */;
/*!50503 SET character_set_client = utf8mb4 */;
CREATE TABLE `cart` (
  `id` bigint unsigned NOT NULL AUTO_INCREMENT,
  `user_id` bigint unsigned NOT NULL,
  `poke_id` bigint unsigned NOT NULL,
  `created_at` datetime NOT NULL,
  `updated_at` datetime NOT NULL,
  PRIMARY KEY (`id`),
  KEY `cart_user_id_foreign` (`user_id`),
  KEY `cart_poke_id_foreign` (`poke_id`),
  CONSTRAINT `cart_poke_id_foreign` FOREIGN KEY (`poke_id`) REFERENCES `pokemons` (`id`),
  CONSTRAINT `cart_user_id_foreign` FOREIGN KEY (`user_id`) REFERENCES `users` (`id`)
) ENGINE=InnoDB AUTO_INCREMENT=16 DEFAULT CHARSET=utf8mb4 COLLATE=utf8mb4_unicode_ci;
/*!40101 SET character_set_client = @saved_cs_client */;

--
-- Dumping data for table `cart`
--

LOCK TABLES `cart` WRITE;
/*!40000 ALTER TABLE `cart` DISABLE KEYS */;
INSERT INTO `cart` VALUES (15,1,5,'2021-05-22 14:22:20','2021-05-22 14:22:20');
/*!40000 ALTER TABLE `cart` ENABLE KEYS */;
UNLOCK TABLES;

--
-- Table structure for table `decks`
--

DROP TABLE IF EXISTS `decks`;
/*!40101 SET @saved_cs_client     = @@character_set_client */;
/*!50503 SET character_set_client = utf8mb4 */;
CREATE TABLE `decks` (
  `id` bigint unsigned NOT NULL AUTO_INCREMENT,
  `name` varchar(255) COLLATE utf8mb4_unicode_ci DEFAULT NULL,
  `user_id` bigint unsigned NOT NULL,
  `poke_1` bigint unsigned NOT NULL,
  `poke_2` bigint unsigned NOT NULL,
  `poke_3` bigint unsigned NOT NULL,
  `poke_4` bigint unsigned NOT NULL,
  `created_at` datetime NOT NULL,
  `updated_at` datetime NOT NULL,
  PRIMARY KEY (`id`),
  KEY `decks_user_id_foreign` (`user_id`),
  KEY `decks_poke_1_foreign` (`poke_1`),
  KEY `decks_poke_2_foreign` (`poke_2`),
  KEY `decks_poke_3_foreign` (`poke_3`),
  KEY `decks_poke_4_foreign` (`poke_4`),
  CONSTRAINT `decks_poke_1_foreign` FOREIGN KEY (`poke_1`) REFERENCES `pokemons` (`id`),
  CONSTRAINT `decks_poke_2_foreign` FOREIGN KEY (`poke_2`) REFERENCES `pokemons` (`id`),
  CONSTRAINT `decks_poke_3_foreign` FOREIGN KEY (`poke_3`) REFERENCES `pokemons` (`id`),
  CONSTRAINT `decks_poke_4_foreign` FOREIGN KEY (`poke_4`) REFERENCES `pokemons` (`id`),
  CONSTRAINT `decks_user_id_foreign` FOREIGN KEY (`user_id`) REFERENCES `users` (`id`)
) ENGINE=InnoDB AUTO_INCREMENT=51 DEFAULT CHARSET=utf8mb4 COLLATE=utf8mb4_unicode_ci;
/*!40101 SET character_set_client = @saved_cs_client */;

--
-- Dumping data for table `decks`
--

LOCK TABLES `decks` WRITE;
/*!40000 ALTER TABLE `decks` DISABLE KEYS */;
INSERT INTO `decks` VALUES (6,NULL,3,7,152,152,152,'2021-05-20 14:35:10','2021-05-20 14:35:10'),(7,'New Deck',3,4,152,152,152,'2021-05-20 14:39:15','2021-05-20 14:39:15'),(8,'New Deck',3,4,152,152,152,'2021-05-20 14:42:01','2021-05-20 14:42:01'),(9,'New Deck',3,4,152,152,152,'2021-05-20 14:43:44','2021-05-20 14:43:44'),(10,'New Deck',3,4,152,152,152,'2021-05-20 14:44:57','2021-05-20 14:44:57'),(11,'New Deck',3,4,152,152,152,'2021-05-20 14:46:42','2021-05-20 14:46:42'),(12,'New Deck',3,7,152,152,152,'2021-05-20 14:47:38','2021-05-20 14:47:38'),(13,'New Deck',3,1,152,152,152,'2021-05-20 14:48:13','2021-05-20 14:48:13'),(14,'New Deck',4,7,4,152,152,'2021-05-21 13:51:37','2021-05-21 14:27:41'),(15,'New Deck',4,152,7,152,152,'2021-05-21 14:02:54','2021-05-21 14:27:31'),(16,'New Deck',5,7,152,152,152,'2021-05-21 14:31:44','2021-05-21 14:31:44'),(17,'New Deck',6,7,152,152,152,'2021-05-21 14:40:12','2021-05-21 14:40:12'),(18,'New Deck',7,1,152,152,152,'2021-05-21 14:41:58','2021-05-21 14:41:58'),(19,'New Deck',8,7,152,152,152,'2021-05-21 14:43:17','2021-05-21 14:43:17'),(20,'New Deck',8,7,152,152,152,'2021-05-21 14:43:51','2021-05-21 14:43:51'),(21,'New Deck',8,7,152,152,152,'2021-05-21 14:44:37','2021-05-21 14:44:37'),(22,'New Deck',9,1,152,152,152,'2021-05-21 14:45:42','2021-05-21 14:45:42'),(30,'New Deck',1,4,152,152,1,'2021-05-21 16:42:29','2021-05-22 15:05:25'),(35,'New Deck',1,9,152,152,152,'2021-05-21 18:37:20','2021-05-22 11:35:53'),(36,'New Deck',1,7,152,152,152,'2021-05-21 19:32:19','2021-05-21 19:32:19'),(50,'New Deck',1,7,152,152,152,'2021-05-22 14:51:25','2021-05-22 14:51:25');
/*!40000 ALTER TABLE `decks` ENABLE KEYS */;
UNLOCK TABLES;

--
-- Table structure for table `games`
--

DROP TABLE IF EXISTS `games`;
/*!40101 SET @saved_cs_client     = @@character_set_client */;
/*!50503 SET character_set_client = utf8mb4 */;
CREATE TABLE `games` (
  `id` bigint unsigned NOT NULL AUTO_INCREMENT,
  `user_id` bigint unsigned NOT NULL,
  `user_id_2` bigint unsigned NOT NULL,
  `winner_id` int DEFAULT NULL,
  `created_at` datetime NOT NULL,
  `updated_at` datetime NOT NULL,
  PRIMARY KEY (`id`),
  KEY `games_user_id_foreign` (`user_id`),
  KEY `games_user_id_2_foreign` (`user_id_2`),
  CONSTRAINT `games_user_id_2_foreign` FOREIGN KEY (`user_id_2`) REFERENCES `users` (`id`),
  CONSTRAINT `games_user_id_foreign` FOREIGN KEY (`user_id`) REFERENCES `users` (`id`)
) ENGINE=InnoDB DEFAULT CHARSET=utf8mb4 COLLATE=utf8mb4_unicode_ci;
/*!40101 SET character_set_client = @saved_cs_client */;

--
-- Dumping data for table `games`
--

LOCK TABLES `games` WRITE;
/*!40000 ALTER TABLE `games` DISABLE KEYS */;
/*!40000 ALTER TABLE `games` ENABLE KEYS */;
UNLOCK TABLES;

--
-- Table structure for table `games_offline`
--

DROP TABLE IF EXISTS `games_offline`;
/*!40101 SET @saved_cs_client     = @@character_set_client */;
/*!50503 SET character_set_client = utf8mb4 */;
CREATE TABLE `games_offline` (
  `id` bigint unsigned NOT NULL AUTO_INCREMENT,
  `user_id` bigint unsigned NOT NULL,
  `poke_player` bigint unsigned NOT NULL,
  `poke_op` bigint unsigned NOT NULL,
  `rewards` int DEFAULT NULL,
  `wins` int DEFAULT NULL,
  `coins` int NOT NULL DEFAULT '0',
  `created_at` datetime NOT NULL,
  `updated_at` datetime NOT NULL,
  PRIMARY KEY (`id`),
  KEY `games_offline_user_id_foreign` (`user_id`),
  KEY `games_offline_poke_player_foreign` (`poke_player`),
  KEY `games_offline_poke_op_foreign` (`poke_op`),
  CONSTRAINT `games_offline_poke_op_foreign` FOREIGN KEY (`poke_op`) REFERENCES `pokemons` (`id`),
  CONSTRAINT `games_offline_poke_player_foreign` FOREIGN KEY (`poke_player`) REFERENCES `pokemons` (`id`),
  CONSTRAINT `games_offline_user_id_foreign` FOREIGN KEY (`user_id`) REFERENCES `users` (`id`)
) ENGINE=InnoDB AUTO_INCREMENT=5 DEFAULT CHARSET=utf8mb4 COLLATE=utf8mb4_unicode_ci;
/*!40101 SET character_set_client = @saved_cs_client */;

--
-- Dumping data for table `games_offline`
--

LOCK TABLES `games_offline` WRITE;
/*!40000 ALTER TABLE `games_offline` DISABLE KEYS */;
INSERT INTO `games_offline` VALUES (3,1,7,1,NULL,1,1000,'2021-05-21 15:27:48','2021-05-21 15:27:48'),(4,1,4,102,NULL,0,100,'2021-05-22 13:42:05','2021-05-22 13:42:05');
/*!40000 ALTER TABLE `games_offline` ENABLE KEYS */;
UNLOCK TABLES;

--
-- Table structure for table `main_decks`
--

DROP TABLE IF EXISTS `main_decks`;
/*!40101 SET @saved_cs_client     = @@character_set_client */;
/*!50503 SET character_set_client = utf8mb4 */;
CREATE TABLE `main_decks` (
  `id` bigint unsigned NOT NULL AUTO_INCREMENT,
  `user_id` bigint unsigned NOT NULL,
  `deck_id` bigint unsigned NOT NULL,
  `created_at` datetime NOT NULL,
  `updated_at` datetime NOT NULL,
  PRIMARY KEY (`id`),
  KEY `main_decks_user_id_foreign` (`user_id`),
  KEY `main_decks_deck_id_foreign` (`deck_id`),
  CONSTRAINT `main_decks_deck_id_foreign` FOREIGN KEY (`deck_id`) REFERENCES `decks` (`id`),
  CONSTRAINT `main_decks_user_id_foreign` FOREIGN KEY (`user_id`) REFERENCES `users` (`id`)
) ENGINE=InnoDB AUTO_INCREMENT=9 DEFAULT CHARSET=utf8mb4 COLLATE=utf8mb4_unicode_ci;
/*!40101 SET character_set_client = @saved_cs_client */;

--
-- Dumping data for table `main_decks`
--

LOCK TABLES `main_decks` WRITE;
/*!40000 ALTER TABLE `main_decks` DISABLE KEYS */;
INSERT INTO `main_decks` VALUES (1,1,30,'2021-05-20 01:26:28','2021-05-22 00:28:17'),(2,3,12,'2021-05-20 14:47:38','2021-05-20 14:47:38'),(3,4,14,'2021-05-21 13:51:37','2021-05-21 13:51:37'),(4,5,16,'2021-05-21 14:31:44','2021-05-21 14:31:44'),(5,6,17,'2021-05-21 14:40:12','2021-05-21 14:40:12'),(6,7,18,'2021-05-21 14:41:58','2021-05-21 14:41:58'),(7,8,19,'2021-05-21 14:43:17','2021-05-21 14:43:17'),(8,9,22,'2021-05-21 14:45:42','2021-05-21 14:45:42');
/*!40000 ALTER TABLE `main_decks` ENABLE KEYS */;
UNLOCK TABLES;

--
-- Table structure for table `migrations`
--

DROP TABLE IF EXISTS `migrations`;
/*!40101 SET @saved_cs_client     = @@character_set_client */;
/*!50503 SET character_set_client = utf8mb4 */;
CREATE TABLE `migrations` (
  `id` int unsigned NOT NULL AUTO_INCREMENT,
  `migration` varchar(255) COLLATE utf8mb4_unicode_ci NOT NULL,
  `batch` int NOT NULL,
  PRIMARY KEY (`id`)
) ENGINE=InnoDB AUTO_INCREMENT=12 DEFAULT CHARSET=utf8mb4 COLLATE=utf8mb4_unicode_ci;
/*!40101 SET character_set_client = @saved_cs_client */;

--
-- Dumping data for table `migrations`
--

LOCK TABLES `migrations` WRITE;
/*!40000 ALTER TABLE `migrations` DISABLE KEYS */;
INSERT INTO `migrations` VALUES (1,'2014_10_12_000000_create_users_table',1),(2,'2014_10_12_100000_create_password_resets_table',1),(3,'2019_08_19_000000_create_failed_jobs_table',1),(4,'2019_12_14_000001_create_personal_access_tokens_table',1),(5,'2021_05_14_180549_pokemons',1),(6,'2021_05_14_181428_shop',1),(7,'2021_05_14_183519_cart',1),(8,'2021_05_14_184204_games',1),(9,'2021_05_17_165049_games_offline',1),(10,'2021_05_20_140017_main_decks',1),(11,'2021_05_20_140025_decks',1);
/*!40000 ALTER TABLE `migrations` ENABLE KEYS */;
UNLOCK TABLES;

--
-- Table structure for table `password_resets`
--

DROP TABLE IF EXISTS `password_resets`;
/*!40101 SET @saved_cs_client     = @@character_set_client */;
/*!50503 SET character_set_client = utf8mb4 */;
CREATE TABLE `password_resets` (
  `email` varchar(255) COLLATE utf8mb4_unicode_ci NOT NULL,
  `token` varchar(255) COLLATE utf8mb4_unicode_ci NOT NULL,
  `created_at` timestamp NULL DEFAULT NULL,
  KEY `password_resets_email_index` (`email`)
) ENGINE=InnoDB DEFAULT CHARSET=utf8mb4 COLLATE=utf8mb4_unicode_ci;
/*!40101 SET character_set_client = @saved_cs_client */;

--
-- Dumping data for table `password_resets`
--

LOCK TABLES `password_resets` WRITE;
/*!40000 ALTER TABLE `password_resets` DISABLE KEYS */;
/*!40000 ALTER TABLE `password_resets` ENABLE KEYS */;
UNLOCK TABLES;

--
-- Table structure for table `pokemons`
--

DROP TABLE IF EXISTS `pokemons`;
/*!40101 SET @saved_cs_client     = @@character_set_client */;
/*!50503 SET character_set_client = utf8mb4 */;
CREATE TABLE `pokemons` (
  `id` bigint unsigned NOT NULL,
  `name` varchar(255) DEFAULT NULL,
  `image_path` varchar(255) DEFAULT NULL,
  `hp` int DEFAULT NULL,
  `atk` int DEFAULT NULL,
  `def` int DEFAULT NULL,
  `spd` int DEFAULT NULL,
  `type` varchar(255) DEFAULT NULL,
  `moves` varchar(255) DEFAULT NULL,
  `rarity` varchar(255) DEFAULT NULL,
  `price` int DEFAULT NULL,
  `created_at` datetime DEFAULT NULL,
  `updated_at` datetime DEFAULT NULL,
  PRIMARY KEY (`id`)
) ENGINE=InnoDB DEFAULT CHARSET=utf8mb4 COLLATE=utf8mb4_0900_ai_ci;
/*!40101 SET character_set_client = @saved_cs_client */;

--
-- Dumping data for table `pokemons`
--

LOCK TABLES `pokemons` WRITE;
/*!40000 ALTER TABLE `pokemons` DISABLE KEYS */;
INSERT INTO `pokemons` VALUES (1,'Bulbasaur','https://raw.githubusercontent.com/PokeAPI/sprites/master/sprites/pokemon/other/official-artwork/1.png',45,49,49,45,'Grass','a:4:{i:0;s:32:\"{\"name\":\"Razor Wind\",\"power\":80}\";i:1;s:37:\"{\"name\":\"Swords Dance\",\"power\":\"ATK\"}\";i:2;s:25:\"{\"name\":\"Cut\",\"power\":50}\";i:3;s:26:\"{\"name\":\"Bind\",\"power\":15}\";}','rare',15000,'2021-05-15 12:15:26','2021-05-15 14:19:30'),(2,'Ivysaur','https://raw.githubusercontent.com/PokeAPI/sprites/master/sprites/pokemon/other/official-artwork/2.png',60,62,63,60,'Grass','a:4:{i:0;s:36:\"{\"name\":\"Swords Dance\",\"power\":\"HP\"}\";i:1;s:25:\"{\"name\":\"Cut\",\"power\":50}\";i:2;s:26:\"{\"name\":\"Bind\",\"power\":15}\";i:3;s:31:\"{\"name\":\"Vine Whip\",\"power\":45}\";}','superrare',25000,'2021-05-15 12:15:26','2021-05-15 14:19:30'),(3,'Venusaur','https://raw.githubusercontent.com/PokeAPI/sprites/master/sprites/pokemon/other/official-artwork/3.png',80,82,83,80,'Grass','a:4:{i:0;s:36:\"{\"name\":\"Swords Dance\",\"power\":\"HP\"}\";i:1;s:25:\"{\"name\":\"Cut\",\"power\":50}\";i:2;s:26:\"{\"name\":\"Bind\",\"power\":15}\";i:3;s:31:\"{\"name\":\"Vine Whip\",\"power\":45}\";}','unique',50000,'2021-05-15 12:15:26','2021-05-15 14:19:30'),(4,'Charmander','https://raw.githubusercontent.com/PokeAPI/sprites/master/sprites/pokemon/other/official-artwork/4.png',39,52,43,65,'Fire','a:4:{i:0;s:32:\"{\"name\":\"Mega Punch\",\"power\":80}\";i:1;s:32:\"{\"name\":\"Fire Punch\",\"power\":75}\";i:2;s:35:\"{\"name\":\"Thunder Punch\",\"power\":75}\";i:3;s:29:\"{\"name\":\"Scratch\",\"power\":40}\";}','rare',15000,'2021-05-15 12:15:26','2021-05-15 14:19:30'),(5,'Charmeleon','https://raw.githubusercontent.com/PokeAPI/sprites/master/sprites/pokemon/other/official-artwork/5.png',58,64,58,80,'Fire','a:4:{i:0;s:32:\"{\"name\":\"Mega Punch\",\"power\":80}\";i:1;s:32:\"{\"name\":\"Fire Punch\",\"power\":75}\";i:2;s:35:\"{\"name\":\"Thunder Punch\",\"power\":75}\";i:3;s:29:\"{\"name\":\"Scratch\",\"power\":40}\";}','superrare',25000,'2021-05-15 12:15:26','2021-05-15 14:19:30'),(6,'Charizard','https://raw.githubusercontent.com/PokeAPI/sprites/master/sprites/pokemon/other/official-artwork/6.png',78,84,78,100,'Fire','a:4:{i:0;s:32:\"{\"name\":\"Mega Punch\",\"power\":80}\";i:1;s:32:\"{\"name\":\"Fire Punch\",\"power\":75}\";i:2;s:35:\"{\"name\":\"Thunder Punch\",\"power\":75}\";i:3;s:29:\"{\"name\":\"Scratch\",\"power\":40}\";}','unique',50000,'2021-05-15 12:15:26','2021-05-15 14:19:30'),(7,'Squirtle','https://raw.githubusercontent.com/PokeAPI/sprites/master/sprites/pokemon/other/official-artwork/7.png',44,48,65,43,'Water','a:4:{i:0;s:32:\"{\"name\":\"Mega Punch\",\"power\":80}\";i:1;s:31:\"{\"name\":\"Ice Punch\",\"power\":75}\";i:2;s:32:\"{\"name\":\"Mega Kick\",\"power\":120}\";i:3;s:30:\"{\"name\":\"Headbutt\",\"power\":70}\";}','rare',15000,'2021-05-15 12:15:27','2021-05-15 14:19:30'),(8,'Wartortle','https://raw.githubusercontent.com/PokeAPI/sprites/master/sprites/pokemon/other/official-artwork/8.png',59,63,80,58,'Water','a:4:{i:0;s:32:\"{\"name\":\"Mega Punch\",\"power\":80}\";i:1;s:31:\"{\"name\":\"Ice Punch\",\"power\":75}\";i:2;s:32:\"{\"name\":\"Mega Kick\",\"power\":120}\";i:3;s:30:\"{\"name\":\"Headbutt\",\"power\":70}\";}','superrare',25000,'2021-05-15 12:15:27','2021-05-15 14:19:30'),(9,'Blastoise','https://raw.githubusercontent.com/PokeAPI/sprites/master/sprites/pokemon/other/official-artwork/9.png',79,83,100,78,'Water','a:4:{i:0;s:32:\"{\"name\":\"Mega Punch\",\"power\":80}\";i:1;s:31:\"{\"name\":\"Ice Punch\",\"power\":75}\";i:2;s:32:\"{\"name\":\"Mega Kick\",\"power\":120}\";i:3;s:30:\"{\"name\":\"Headbutt\",\"power\":70}\";}','unique',50000,'2021-05-15 12:15:27','2021-05-15 14:19:30'),(10,'Caterpie','https://raw.githubusercontent.com/PokeAPI/sprites/master/sprites/pokemon/other/official-artwork/10.png',45,30,35,45,'Bug','a:4:{i:0;s:28:\"{\"name\":\"Tackle\",\"power\":40}\";i:1;s:36:\"{\"name\":\"String Shot\",\"power\":\"ATK\"}\";i:2;s:27:\"{\"name\":\"Snore\",\"power\":50}\";i:3;s:30:\"{\"name\":\"Bug Bite\",\"power\":60}\";}','common',5000,'2021-05-15 12:15:27','2021-05-15 14:19:30'),(11,'Metapod','https://raw.githubusercontent.com/PokeAPI/sprites/master/sprites/pokemon/other/official-artwork/11.png',50,20,55,30,'Bug','a:4:{i:0;s:36:\"{\"name\":\"String Shot\",\"power\":\"DEF\"}\";i:1;s:31:\"{\"name\":\"Harden\",\"power\":\"DEF\"}\";i:2;s:37:\"{\"name\":\"Iron Defense\",\"power\":\"ATK\"}\";i:3;s:30:\"{\"name\":\"Bug Bite\",\"power\":60}\";}','rare',15000,'2021-05-15 12:15:27','2021-05-15 14:19:30'),(12,'Butterfree','https://raw.githubusercontent.com/PokeAPI/sprites/master/sprites/pokemon/other/official-artwork/12.png',60,45,50,70,'Bug','a:4:{i:0;s:32:\"{\"name\":\"Razor Wind\",\"power\":80}\";i:1;s:26:\"{\"name\":\"Gust\",\"power\":40}\";i:2;s:33:\"{\"name\":\"Whirlwind\",\"power\":\"HP\"}\";i:3;s:31:\"{\"name\":\"Take Down\",\"power\":90}\";}','superrare',25000,'2021-05-15 12:15:27','2021-05-15 14:19:30'),(13,'Weedle','https://raw.githubusercontent.com/PokeAPI/sprites/master/sprites/pokemon/other/official-artwork/13.png',40,35,30,50,'Bug','a:4:{i:0;s:34:\"{\"name\":\"Poison Sting\",\"power\":15}\";i:1;s:36:\"{\"name\":\"String Shot\",\"power\":\"DEF\"}\";i:2;s:30:\"{\"name\":\"Bug Bite\",\"power\":60}\";i:3;s:32:\"{\"name\":\"Electroweb\",\"power\":55}\";}','common',5000,'2021-05-15 12:15:27','2021-05-15 14:19:30'),(14,'Kakuna','https://raw.githubusercontent.com/PokeAPI/sprites/master/sprites/pokemon/other/official-artwork/14.png',45,25,50,35,'Bug','a:4:{i:0;s:36:\"{\"name\":\"String Shot\",\"power\":\"DEF\"}\";i:1;s:30:\"{\"name\":\"Harden\",\"power\":\"HP\"}\";i:2;s:36:\"{\"name\":\"Iron Defense\",\"power\":\"HP\"}\";i:3;s:30:\"{\"name\":\"Bug Bite\",\"power\":60}\";}','rare',15000,'2021-05-15 12:15:27','2021-05-15 14:19:30'),(15,'Beedrill','https://raw.githubusercontent.com/PokeAPI/sprites/master/sprites/pokemon/other/official-artwork/15.png',65,90,40,75,'Bug','a:4:{i:0;s:36:\"{\"name\":\"Swords Dance\",\"power\":\"HP\"}\";i:1;s:25:\"{\"name\":\"Cut\",\"power\":50}\";i:2;s:33:\"{\"name\":\"Fury Attack\",\"power\":15}\";i:3;s:31:\"{\"name\":\"Take Down\",\"power\":90}\";}','superrare',25000,'2021-05-15 12:15:27','2021-05-15 14:19:30'),(16,'Pidgey','https://raw.githubusercontent.com/PokeAPI/sprites/master/sprites/pokemon/other/official-artwork/16.png',40,45,40,56,'Normal','a:4:{i:0;s:32:\"{\"name\":\"Razor Wind\",\"power\":80}\";i:1;s:26:\"{\"name\":\"Gust\",\"power\":40}\";i:2;s:33:\"{\"name\":\"Wing Attack\",\"power\":60}\";i:3;s:33:\"{\"name\":\"Whirlwind\",\"power\":\"HP\"}\";}','common',5000,'2021-05-15 12:15:27','2021-05-15 14:19:30'),(17,'Pidgeotto','https://raw.githubusercontent.com/PokeAPI/sprites/master/sprites/pokemon/other/official-artwork/17.png',63,60,55,71,'Normal','a:4:{i:0;s:32:\"{\"name\":\"Razor Wind\",\"power\":80}\";i:1;s:26:\"{\"name\":\"Gust\",\"power\":40}\";i:2;s:33:\"{\"name\":\"Wing Attack\",\"power\":60}\";i:3;s:34:\"{\"name\":\"Whirlwind\",\"power\":\"DEF\"}\";}','rare',15000,'2021-05-15 12:15:27','2021-05-15 14:19:30'),(18,'Pidgeot','https://raw.githubusercontent.com/PokeAPI/sprites/master/sprites/pokemon/other/official-artwork/18.png',83,80,75,101,'Normal','a:4:{i:0;s:32:\"{\"name\":\"Razor Wind\",\"power\":80}\";i:1;s:26:\"{\"name\":\"Gust\",\"power\":40}\";i:2;s:33:\"{\"name\":\"Wing Attack\",\"power\":60}\";i:3;s:33:\"{\"name\":\"Whirlwind\",\"power\":\"HP\"}\";}','superrare',25000,'2021-05-15 12:15:27','2021-05-15 14:19:30'),(19,'Rattata','https://raw.githubusercontent.com/PokeAPI/sprites/master/sprites/pokemon/other/official-artwork/19.png',30,56,35,72,'Normal','a:4:{i:0;s:25:\"{\"name\":\"Cut\",\"power\":50}\";i:1;s:30:\"{\"name\":\"Headbutt\",\"power\":70}\";i:2;s:28:\"{\"name\":\"Tackle\",\"power\":40}\";i:3;s:31:\"{\"name\":\"Body Slam\",\"power\":85}\";}','common',5000,'2021-05-15 12:15:27','2021-05-15 14:19:30'),(20,'Raticate','https://raw.githubusercontent.com/PokeAPI/sprites/master/sprites/pokemon/other/official-artwork/20.png',55,81,60,97,'Normal','a:4:{i:0;s:36:\"{\"name\":\"Swords Dance\",\"power\":\"HP\"}\";i:1;s:25:\"{\"name\":\"Cut\",\"power\":50}\";i:2;s:30:\"{\"name\":\"Headbutt\",\"power\":70}\";i:3;s:28:\"{\"name\":\"Tackle\",\"power\":40}\";}','rare',15000,'2021-05-15 12:15:27','2021-05-15 14:19:30'),(21,'Spearow','https://raw.githubusercontent.com/PokeAPI/sprites/master/sprites/pokemon/other/official-artwork/21.png',40,60,30,70,'Normal','a:4:{i:0;s:32:\"{\"name\":\"Razor Wind\",\"power\":80}\";i:1;s:34:\"{\"name\":\"Whirlwind\",\"power\":\"DEF\"}\";i:2;s:25:\"{\"name\":\"Fly\",\"power\":90}\";i:3;s:33:\"{\"name\":\"Fury Attack\",\"power\":15}\";}','common',5000,'2021-05-15 12:15:27','2021-05-15 14:19:30'),(22,'Fearow','https://raw.githubusercontent.com/PokeAPI/sprites/master/sprites/pokemon/other/official-artwork/22.png',65,90,65,100,'Normal','a:4:{i:0;s:32:\"{\"name\":\"Razor Wind\",\"power\":80}\";i:1;s:33:\"{\"name\":\"Whirlwind\",\"power\":\"HP\"}\";i:2;s:25:\"{\"name\":\"Fly\",\"power\":90}\";i:3;s:33:\"{\"name\":\"Fury Attack\",\"power\":15}\";}','rare',15000,'2021-05-15 12:15:27','2021-05-15 14:19:30'),(23,'Ekans','https://raw.githubusercontent.com/PokeAPI/sprites/master/sprites/pokemon/other/official-artwork/23.png',35,60,44,55,'Poison','a:4:{i:0;s:26:\"{\"name\":\"Bind\",\"power\":15}\";i:1;s:26:\"{\"name\":\"Slam\",\"power\":80}\";i:2;s:30:\"{\"name\":\"Headbutt\",\"power\":70}\";i:3;s:31:\"{\"name\":\"Body Slam\",\"power\":85}\";}','common',5000,'2021-05-15 12:15:27','2021-05-15 14:19:30'),(24,'Arbok','https://raw.githubusercontent.com/PokeAPI/sprites/master/sprites/pokemon/other/official-artwork/24.png',60,95,69,80,'Poison','a:4:{i:0;s:26:\"{\"name\":\"Bind\",\"power\":15}\";i:1;s:30:\"{\"name\":\"Headbutt\",\"power\":70}\";i:2;s:31:\"{\"name\":\"Body Slam\",\"power\":85}\";i:3;s:26:\"{\"name\":\"Wrap\",\"power\":15}\";}','superrare',25000,'2021-05-15 12:15:27','2021-05-15 14:19:30'),(25,'Pikachu','https://raw.githubusercontent.com/PokeAPI/sprites/master/sprites/pokemon/other/official-artwork/25.png',35,55,40,90,'Electric','a:4:{i:0;s:32:\"{\"name\":\"Mega Punch\",\"power\":80}\";i:1;s:29:\"{\"name\":\"Pay Day\",\"power\":40}\";i:2;s:35:\"{\"name\":\"Thunder Punch\",\"power\":75}\";i:3;s:26:\"{\"name\":\"Slam\",\"power\":80}\";}','unique',50000,'2021-05-15 12:15:27','2021-05-15 14:19:30'),(26,'Raichu','https://raw.githubusercontent.com/PokeAPI/sprites/master/sprites/pokemon/other/official-artwork/26.png',60,90,55,110,'Electric','a:4:{i:0;s:32:\"{\"name\":\"Mega Punch\",\"power\":80}\";i:1;s:29:\"{\"name\":\"Pay Day\",\"power\":40}\";i:2;s:35:\"{\"name\":\"Thunder Punch\",\"power\":75}\";i:3;s:32:\"{\"name\":\"Mega Kick\",\"power\":120}\";}','unique',50000,'2021-05-15 12:15:27','2021-05-15 14:19:30'),(27,'Sandshrew','https://raw.githubusercontent.com/PokeAPI/sprites/master/sprites/pokemon/other/official-artwork/27.png',50,75,85,40,'Ground','a:4:{i:0;s:29:\"{\"name\":\"Scratch\",\"power\":40}\";i:1;s:37:\"{\"name\":\"Swords Dance\",\"power\":\"ATK\"}\";i:2;s:25:\"{\"name\":\"Cut\",\"power\":50}\";i:3;s:36:\"{\"name\":\"Sand Attack\",\"power\":\"DEF\"}\";}','rare',15000,'2021-05-15 12:15:27','2021-05-15 14:19:30'),(28,'Sandslash','https://raw.githubusercontent.com/PokeAPI/sprites/master/sprites/pokemon/other/official-artwork/28.png',75,100,110,65,'Ground','a:4:{i:0;s:29:\"{\"name\":\"Scratch\",\"power\":40}\";i:1;s:36:\"{\"name\":\"Swords Dance\",\"power\":\"HP\"}\";i:2;s:25:\"{\"name\":\"Cut\",\"power\":50}\";i:3;s:36:\"{\"name\":\"Sand Attack\",\"power\":\"DEF\"}\";}','superrare',25000,'2021-05-15 12:15:27','2021-05-15 14:19:30'),(29,'Nidoran-f','https://raw.githubusercontent.com/PokeAPI/sprites/master/sprites/pokemon/other/official-artwork/29.png',55,47,52,41,'Poison','a:4:{i:0;s:29:\"{\"name\":\"Scratch\",\"power\":40}\";i:1;s:25:\"{\"name\":\"Cut\",\"power\":50}\";i:2;s:33:\"{\"name\":\"Double Kick\",\"power\":30}\";i:3;s:30:\"{\"name\":\"Headbutt\",\"power\":70}\";}','rare',15000,'2021-05-15 12:15:27','2021-05-15 14:19:30'),(30,'Nidorina','https://raw.githubusercontent.com/PokeAPI/sprites/master/sprites/pokemon/other/official-artwork/30.png',70,62,67,56,'Poison','a:4:{i:0;s:29:\"{\"name\":\"Scratch\",\"power\":40}\";i:1;s:25:\"{\"name\":\"Cut\",\"power\":50}\";i:2;s:33:\"{\"name\":\"Double Kick\",\"power\":30}\";i:3;s:30:\"{\"name\":\"Headbutt\",\"power\":70}\";}','superrare',25000,'2021-05-15 12:15:27','2021-05-15 14:19:30'),(31,'Nidoqueen','https://raw.githubusercontent.com/PokeAPI/sprites/master/sprites/pokemon/other/official-artwork/31.png',90,92,87,76,'Poison','a:4:{i:0;s:32:\"{\"name\":\"Mega Punch\",\"power\":80}\";i:1;s:29:\"{\"name\":\"Pay Day\",\"power\":40}\";i:2;s:32:\"{\"name\":\"Fire Punch\",\"power\":75}\";i:3;s:31:\"{\"name\":\"Ice Punch\",\"power\":75}\";}','unique',50000,'2021-05-15 12:15:27','2021-05-15 14:19:30'),(32,'Nidoran-m','https://raw.githubusercontent.com/PokeAPI/sprites/master/sprites/pokemon/other/official-artwork/32.png',46,57,40,50,'Poison','a:4:{i:0;s:25:\"{\"name\":\"Cut\",\"power\":50}\";i:1;s:33:\"{\"name\":\"Double Kick\",\"power\":30}\";i:2;s:30:\"{\"name\":\"Headbutt\",\"power\":70}\";i:3;s:33:\"{\"name\":\"Horn Attack\",\"power\":65}\";}','rare',15000,'2021-05-15 12:15:27','2021-05-15 14:19:30'),(33,'Nidorino','https://raw.githubusercontent.com/PokeAPI/sprites/master/sprites/pokemon/other/official-artwork/33.png',61,72,57,65,'Poison','a:4:{i:0;s:25:\"{\"name\":\"Cut\",\"power\":50}\";i:1;s:33:\"{\"name\":\"Double Kick\",\"power\":30}\";i:2;s:30:\"{\"name\":\"Headbutt\",\"power\":70}\";i:3;s:33:\"{\"name\":\"Horn Attack\",\"power\":65}\";}','superrare',25000,'2021-05-15 12:15:27','2021-05-15 14:19:30'),(34,'Nidoking','https://raw.githubusercontent.com/PokeAPI/sprites/master/sprites/pokemon/other/official-artwork/34.png',81,102,77,85,'Poison','a:4:{i:0;s:32:\"{\"name\":\"Mega Punch\",\"power\":80}\";i:1;s:29:\"{\"name\":\"Pay Day\",\"power\":40}\";i:2;s:32:\"{\"name\":\"Fire Punch\",\"power\":75}\";i:3;s:31:\"{\"name\":\"Ice Punch\",\"power\":75}\";}','unique',50000,'2021-05-15 12:15:27','2021-05-15 14:19:30'),(35,'Clefairy','https://raw.githubusercontent.com/PokeAPI/sprites/master/sprites/pokemon/other/official-artwork/35.png',70,45,48,35,'Fairy','a:4:{i:0;s:27:\"{\"name\":\"Pound\",\"power\":40}\";i:1;s:33:\"{\"name\":\"Double Slap\",\"power\":15}\";i:2;s:32:\"{\"name\":\"Mega Punch\",\"power\":80}\";i:3;s:32:\"{\"name\":\"Fire Punch\",\"power\":75}\";}','superrare',25000,'2021-05-15 12:15:28','2021-05-15 14:19:30'),(36,'Clefable','https://raw.githubusercontent.com/PokeAPI/sprites/master/sprites/pokemon/other/official-artwork/36.png',95,70,73,60,'Fairy','a:4:{i:0;s:33:\"{\"name\":\"Double Slap\",\"power\":15}\";i:1;s:32:\"{\"name\":\"Mega Punch\",\"power\":80}\";i:2;s:32:\"{\"name\":\"Fire Punch\",\"power\":75}\";i:3;s:31:\"{\"name\":\"Ice Punch\",\"power\":75}\";}','unique',50000,'2021-05-15 12:15:28','2021-05-15 14:19:30'),(37,'Vulpix','https://raw.githubusercontent.com/PokeAPI/sprites/master/sprites/pokemon/other/official-artwork/37.png',38,41,40,65,'Fire','a:4:{i:0;s:30:\"{\"name\":\"Headbutt\",\"power\":70}\";i:1;s:31:\"{\"name\":\"Body Slam\",\"power\":85}\";i:2;s:31:\"{\"name\":\"Take Down\",\"power\":90}\";i:3;s:34:\"{\"name\":\"Double Edge\",\"power\":120}\";}','superrare',25000,'2021-05-15 12:15:28','2021-05-15 14:19:30'),(38,'Ninetales','https://raw.githubusercontent.com/PokeAPI/sprites/master/sprites/pokemon/other/official-artwork/38.png',73,76,75,100,'Fire','a:4:{i:0;s:30:\"{\"name\":\"Headbutt\",\"power\":70}\";i:1;s:31:\"{\"name\":\"Body Slam\",\"power\":85}\";i:2;s:31:\"{\"name\":\"Take Down\",\"power\":90}\";i:3;s:34:\"{\"name\":\"Double Edge\",\"power\":120}\";}','unique',50000,'2021-05-15 12:15:28','2021-05-15 14:19:30'),(39,'Jigglypuff','https://raw.githubusercontent.com/PokeAPI/sprites/master/sprites/pokemon/other/official-artwork/39.png',115,45,20,20,'Normal','a:4:{i:0;s:27:\"{\"name\":\"Pound\",\"power\":40}\";i:1;s:33:\"{\"name\":\"Double Slap\",\"power\":15}\";i:2;s:32:\"{\"name\":\"Mega Punch\",\"power\":80}\";i:3;s:32:\"{\"name\":\"Fire Punch\",\"power\":75}\";}','rare',15000,'2021-05-15 12:15:28','2021-05-15 14:19:30'),(40,'Wigglytuff','https://raw.githubusercontent.com/PokeAPI/sprites/master/sprites/pokemon/other/official-artwork/40.png',140,70,45,45,'Normal','a:4:{i:0;s:33:\"{\"name\":\"Double Slap\",\"power\":15}\";i:1;s:32:\"{\"name\":\"Mega Punch\",\"power\":80}\";i:2;s:32:\"{\"name\":\"Fire Punch\",\"power\":75}\";i:3;s:31:\"{\"name\":\"Ice Punch\",\"power\":75}\";}','superrare',25000,'2021-05-15 12:15:28','2021-05-15 14:19:30'),(41,'Zubat','https://raw.githubusercontent.com/PokeAPI/sprites/master/sprites/pokemon/other/official-artwork/41.png',40,45,35,55,'Poison','a:4:{i:0;s:32:\"{\"name\":\"Razor Wind\",\"power\":80}\";i:1;s:26:\"{\"name\":\"Gust\",\"power\":40}\";i:2;s:33:\"{\"name\":\"Wing Attack\",\"power\":60}\";i:3;s:33:\"{\"name\":\"Whirlwind\",\"power\":\"HP\"}\";}','common',5000,'2021-05-15 12:15:28','2021-05-15 14:19:30'),(42,'Golbat','https://raw.githubusercontent.com/PokeAPI/sprites/master/sprites/pokemon/other/official-artwork/42.png',75,80,70,90,'Poison','a:4:{i:0;s:32:\"{\"name\":\"Razor Wind\",\"power\":80}\";i:1;s:33:\"{\"name\":\"Wing Attack\",\"power\":60}\";i:2;s:33:\"{\"name\":\"Whirlwind\",\"power\":\"HP\"}\";i:3;s:25:\"{\"name\":\"Fly\",\"power\":90}\";}','rare',15000,'2021-05-15 12:15:28','2021-05-15 14:19:30'),(43,'Oddish','https://raw.githubusercontent.com/PokeAPI/sprites/master/sprites/pokemon/other/official-artwork/43.png',45,50,55,30,'Grass','a:4:{i:0;s:36:\"{\"name\":\"Swords Dance\",\"power\":\"HP\"}\";i:1;s:25:\"{\"name\":\"Cut\",\"power\":50}\";i:2;s:31:\"{\"name\":\"Take Down\",\"power\":90}\";i:3;s:34:\"{\"name\":\"Double Edge\",\"power\":120}\";}','rare',15000,'2021-05-15 12:15:28','2021-05-15 14:19:30'),(44,'Gloom','https://raw.githubusercontent.com/PokeAPI/sprites/master/sprites/pokemon/other/official-artwork/44.png',60,65,70,40,'Grass','a:4:{i:0;s:36:\"{\"name\":\"Swords Dance\",\"power\":\"HP\"}\";i:1;s:25:\"{\"name\":\"Cut\",\"power\":50}\";i:2;s:31:\"{\"name\":\"Take Down\",\"power\":90}\";i:3;s:34:\"{\"name\":\"Double Edge\",\"power\":120}\";}','superrare',25000,'2021-05-15 12:15:28','2021-05-15 14:19:30'),(45,'Vileplume','https://raw.githubusercontent.com/PokeAPI/sprites/master/sprites/pokemon/other/official-artwork/45.png',75,80,85,50,'Grass','a:4:{i:0;s:36:\"{\"name\":\"Swords Dance\",\"power\":\"HP\"}\";i:1;s:25:\"{\"name\":\"Cut\",\"power\":50}\";i:2;s:31:\"{\"name\":\"Body Slam\",\"power\":85}\";i:3;s:31:\"{\"name\":\"Take Down\",\"power\":90}\";}','unique',50000,'2021-05-15 12:15:28','2021-05-15 14:19:30'),(46,'Paras','https://raw.githubusercontent.com/PokeAPI/sprites/master/sprites/pokemon/other/official-artwork/46.png',35,70,55,25,'Bug','a:4:{i:0;s:29:\"{\"name\":\"Scratch\",\"power\":40}\";i:1;s:37:\"{\"name\":\"Swords Dance\",\"power\":\"DEF\"}\";i:2;s:25:\"{\"name\":\"Cut\",\"power\":50}\";i:3;s:31:\"{\"name\":\"Body Slam\",\"power\":85}\";}','common',5000,'2021-05-15 12:15:28','2021-05-15 14:19:30'),(47,'Parasect','https://raw.githubusercontent.com/PokeAPI/sprites/master/sprites/pokemon/other/official-artwork/47.png',60,95,80,30,'Bug','a:4:{i:0;s:29:\"{\"name\":\"Scratch\",\"power\":40}\";i:1;s:37:\"{\"name\":\"Swords Dance\",\"power\":\"ATK\"}\";i:2;s:25:\"{\"name\":\"Cut\",\"power\":50}\";i:3;s:31:\"{\"name\":\"Body Slam\",\"power\":85}\";}','rare',15000,'2021-05-15 12:15:28','2021-05-15 14:19:30'),(48,'Venonat','https://raw.githubusercontent.com/PokeAPI/sprites/master/sprites/pokemon/other/official-artwork/48.png',60,55,50,45,'Bug','a:4:{i:0;s:28:\"{\"name\":\"Tackle\",\"power\":40}\";i:1;s:31:\"{\"name\":\"Take Down\",\"power\":90}\";i:2;s:34:\"{\"name\":\"Double Edge\",\"power\":120}\";i:3;s:35:\"{\"name\":\"Supersonic\",\"power\":\"ATK\"}\";}','common',5000,'2021-05-15 12:15:28','2021-05-15 14:19:30'),(49,'Venomoth','https://raw.githubusercontent.com/PokeAPI/sprites/master/sprites/pokemon/other/official-artwork/49.png',70,65,60,90,'Bug','a:4:{i:0;s:32:\"{\"name\":\"Razor Wind\",\"power\":80}\";i:1;s:26:\"{\"name\":\"Gust\",\"power\":40}\";i:2;s:33:\"{\"name\":\"Whirlwind\",\"power\":\"HP\"}\";i:3;s:28:\"{\"name\":\"Tackle\",\"power\":40}\";}','rare',15000,'2021-05-15 12:15:28','2021-05-15 14:19:30'),(50,'Diglett','https://raw.githubusercontent.com/PokeAPI/sprites/master/sprites/pokemon/other/official-artwork/50.png',10,55,25,95,'Ground','a:4:{i:0;s:29:\"{\"name\":\"Scratch\",\"power\":40}\";i:1;s:25:\"{\"name\":\"Cut\",\"power\":50}\";i:2;s:36:\"{\"name\":\"Sand Attack\",\"power\":\"ATK\"}\";i:3;s:30:\"{\"name\":\"Headbutt\",\"power\":70}\";}','common',5000,'2021-05-15 12:15:28','2021-05-15 14:19:30'),(51,'Dugtrio','https://raw.githubusercontent.com/PokeAPI/sprites/master/sprites/pokemon/other/official-artwork/51.png',35,100,50,120,'Ground','a:4:{i:0;s:29:\"{\"name\":\"Scratch\",\"power\":40}\";i:1;s:25:\"{\"name\":\"Cut\",\"power\":50}\";i:2;s:36:\"{\"name\":\"Sand Attack\",\"power\":\"ATK\"}\";i:3;s:31:\"{\"name\":\"Body Slam\",\"power\":85}\";}','rare',15000,'2021-05-15 12:15:28','2021-05-15 14:19:30'),(52,'Meowth','https://raw.githubusercontent.com/PokeAPI/sprites/master/sprites/pokemon/other/official-artwork/52.png',40,45,35,90,'Normal','a:4:{i:0;s:29:\"{\"name\":\"Pay Day\",\"power\":40}\";i:1;s:29:\"{\"name\":\"Scratch\",\"power\":40}\";i:2;s:25:\"{\"name\":\"Cut\",\"power\":50}\";i:3;s:30:\"{\"name\":\"Headbutt\",\"power\":70}\";}','common',5000,'2021-05-15 12:15:28','2021-05-15 14:19:30'),(53,'Persian','https://raw.githubusercontent.com/PokeAPI/sprites/master/sprites/pokemon/other/official-artwork/53.png',65,70,60,115,'Normal','a:4:{i:0;s:29:\"{\"name\":\"Pay Day\",\"power\":40}\";i:1;s:29:\"{\"name\":\"Scratch\",\"power\":40}\";i:2;s:25:\"{\"name\":\"Cut\",\"power\":50}\";i:3;s:30:\"{\"name\":\"Headbutt\",\"power\":70}\";}','rare',15000,'2021-05-15 12:15:28','2021-05-15 14:19:30'),(54,'Psyduck','https://raw.githubusercontent.com/PokeAPI/sprites/master/sprites/pokemon/other/official-artwork/54.png',50,52,48,55,'Water','a:4:{i:0;s:32:\"{\"name\":\"Mega Punch\",\"power\":80}\";i:1;s:29:\"{\"name\":\"Pay Day\",\"power\":40}\";i:2;s:31:\"{\"name\":\"Ice Punch\",\"power\":75}\";i:3;s:29:\"{\"name\":\"Scratch\",\"power\":40}\";}','common',5000,'2021-05-15 12:15:28','2021-05-15 14:19:30'),(55,'Golduck','https://raw.githubusercontent.com/PokeAPI/sprites/master/sprites/pokemon/other/official-artwork/55.png',80,82,78,85,'Water','a:4:{i:0;s:32:\"{\"name\":\"Mega Punch\",\"power\":80}\";i:1;s:29:\"{\"name\":\"Pay Day\",\"power\":40}\";i:2;s:31:\"{\"name\":\"Ice Punch\",\"power\":75}\";i:3;s:29:\"{\"name\":\"Scratch\",\"power\":40}\";}','rare',15000,'2021-05-15 12:15:28','2021-05-15 14:19:30'),(56,'Mankey','https://raw.githubusercontent.com/PokeAPI/sprites/master/sprites/pokemon/other/official-artwork/56.png',40,80,35,70,'Fighting','a:4:{i:0;s:33:\"{\"name\":\"Karate Chop\",\"power\":50}\";i:1;s:32:\"{\"name\":\"Mega Punch\",\"power\":80}\";i:2;s:29:\"{\"name\":\"Pay Day\",\"power\":40}\";i:3;s:32:\"{\"name\":\"Fire Punch\",\"power\":75}\";}','rare',15000,'2021-05-15 12:15:28','2021-05-15 14:19:30'),(57,'Primeape','https://raw.githubusercontent.com/PokeAPI/sprites/master/sprites/pokemon/other/official-artwork/57.png',65,105,60,95,'Fighting','a:4:{i:0;s:33:\"{\"name\":\"Karate Chop\",\"power\":50}\";i:1;s:32:\"{\"name\":\"Mega Punch\",\"power\":80}\";i:2;s:29:\"{\"name\":\"Pay Day\",\"power\":40}\";i:3;s:32:\"{\"name\":\"Fire Punch\",\"power\":75}\";}','superrare',25000,'2021-05-15 12:15:28','2021-05-15 14:19:30'),(58,'Growlithe','https://raw.githubusercontent.com/PokeAPI/sprites/master/sprites/pokemon/other/official-artwork/58.png',55,70,45,60,'Fire','a:4:{i:0;s:33:\"{\"name\":\"Double Kick\",\"power\":30}\";i:1;s:30:\"{\"name\":\"Headbutt\",\"power\":70}\";i:2;s:31:\"{\"name\":\"Body Slam\",\"power\":85}\";i:3;s:31:\"{\"name\":\"Take Down\",\"power\":90}\";}','superrare',25000,'2021-05-15 12:15:28','2021-05-15 14:19:30'),(59,'Arcanine','https://raw.githubusercontent.com/PokeAPI/sprites/master/sprites/pokemon/other/official-artwork/59.png',90,110,80,95,'Fire','a:4:{i:0;s:30:\"{\"name\":\"Headbutt\",\"power\":70}\";i:1;s:31:\"{\"name\":\"Body Slam\",\"power\":85}\";i:2;s:31:\"{\"name\":\"Take Down\",\"power\":90}\";i:3;s:34:\"{\"name\":\"Double Edge\",\"power\":120}\";}','unique',50000,'2021-05-15 12:15:28','2021-05-15 14:19:30'),(60,'Poliwag','https://raw.githubusercontent.com/PokeAPI/sprites/master/sprites/pokemon/other/official-artwork/60.png',40,50,40,90,'Water','a:4:{i:0;s:33:\"{\"name\":\"Double Slap\",\"power\":15}\";i:1;s:30:\"{\"name\":\"Headbutt\",\"power\":70}\";i:2;s:31:\"{\"name\":\"Body Slam\",\"power\":85}\";i:3;s:31:\"{\"name\":\"Take Down\",\"power\":90}\";}','rare',15000,'2021-05-15 12:15:28','2021-05-15 14:19:30'),(61,'Poliwhirl','https://raw.githubusercontent.com/PokeAPI/sprites/master/sprites/pokemon/other/official-artwork/61.png',65,65,65,90,'Water','a:4:{i:0;s:33:\"{\"name\":\"Double Slap\",\"power\":15}\";i:1;s:32:\"{\"name\":\"Mega Punch\",\"power\":80}\";i:2;s:31:\"{\"name\":\"Ice Punch\",\"power\":75}\";i:3;s:32:\"{\"name\":\"Mega Kick\",\"power\":120}\";}','superrare',25000,'2021-05-15 12:15:28','2021-05-15 14:19:30'),(62,'Poliwrath','https://raw.githubusercontent.com/PokeAPI/sprites/master/sprites/pokemon/other/official-artwork/62.png',90,95,95,70,'Water','a:4:{i:0;s:33:\"{\"name\":\"Double Slap\",\"power\":15}\";i:1;s:32:\"{\"name\":\"Mega Punch\",\"power\":80}\";i:2;s:31:\"{\"name\":\"Ice Punch\",\"power\":75}\";i:3;s:32:\"{\"name\":\"Mega Kick\",\"power\":120}\";}','unique',50000,'2021-05-15 12:15:28','2021-05-15 14:19:30'),(63,'Abra','https://raw.githubusercontent.com/PokeAPI/sprites/master/sprites/pokemon/other/official-artwork/63.png',25,20,15,90,'Psychic','a:4:{i:0;s:32:\"{\"name\":\"Mega Punch\",\"power\":80}\";i:1;s:32:\"{\"name\":\"Fire Punch\",\"power\":75}\";i:2;s:31:\"{\"name\":\"Ice Punch\",\"power\":75}\";i:3;s:35:\"{\"name\":\"Thunder Punch\",\"power\":75}\";}','rare',15000,'2021-05-15 12:15:28','2021-05-15 14:19:30'),(64,'Kadabra','https://raw.githubusercontent.com/PokeAPI/sprites/master/sprites/pokemon/other/official-artwork/64.png',40,35,30,105,'Psychic','a:4:{i:0;s:32:\"{\"name\":\"Mega Punch\",\"power\":80}\";i:1;s:32:\"{\"name\":\"Fire Punch\",\"power\":75}\";i:2;s:31:\"{\"name\":\"Ice Punch\",\"power\":75}\";i:3;s:35:\"{\"name\":\"Thunder Punch\",\"power\":75}\";}','superrare',25000,'2021-05-15 12:15:28','2021-05-15 14:19:30'),(65,'Alakazam','https://raw.githubusercontent.com/PokeAPI/sprites/master/sprites/pokemon/other/official-artwork/65.png',55,50,45,120,'Psychic','a:4:{i:0;s:32:\"{\"name\":\"Mega Punch\",\"power\":80}\";i:1;s:32:\"{\"name\":\"Fire Punch\",\"power\":75}\";i:2;s:31:\"{\"name\":\"Ice Punch\",\"power\":75}\";i:3;s:35:\"{\"name\":\"Thunder Punch\",\"power\":75}\";}','unique',50000,'2021-05-15 12:15:29','2021-05-15 14:19:30'),(66,'Machop','https://raw.githubusercontent.com/PokeAPI/sprites/master/sprites/pokemon/other/official-artwork/66.png',70,80,50,35,'Fighting','a:4:{i:0;s:33:\"{\"name\":\"Karate Chop\",\"power\":50}\";i:1;s:32:\"{\"name\":\"Mega Punch\",\"power\":80}\";i:2;s:32:\"{\"name\":\"Fire Punch\",\"power\":75}\";i:3;s:31:\"{\"name\":\"Ice Punch\",\"power\":75}\";}','rare',15000,'2021-05-15 12:15:29','2021-05-15 14:19:30'),(67,'Machoke','https://raw.githubusercontent.com/PokeAPI/sprites/master/sprites/pokemon/other/official-artwork/67.png',80,100,70,45,'Fighting','a:4:{i:0;s:33:\"{\"name\":\"Karate Chop\",\"power\":50}\";i:1;s:32:\"{\"name\":\"Mega Punch\",\"power\":80}\";i:2;s:32:\"{\"name\":\"Fire Punch\",\"power\":75}\";i:3;s:31:\"{\"name\":\"Ice Punch\",\"power\":75}\";}','superrare',25000,'2021-05-15 12:15:29','2021-05-15 14:19:30'),(68,'Machamp','https://raw.githubusercontent.com/PokeAPI/sprites/master/sprites/pokemon/other/official-artwork/68.png',90,130,80,55,'Fighting','a:4:{i:0;s:33:\"{\"name\":\"Karate Chop\",\"power\":50}\";i:1;s:32:\"{\"name\":\"Mega Punch\",\"power\":80}\";i:2;s:32:\"{\"name\":\"Fire Punch\",\"power\":75}\";i:3;s:31:\"{\"name\":\"Ice Punch\",\"power\":75}\";}','unique',50000,'2021-05-15 12:15:29','2021-05-15 14:19:30'),(69,'Bellsprout','https://raw.githubusercontent.com/PokeAPI/sprites/master/sprites/pokemon/other/official-artwork/69.png',50,75,35,40,'Grass','a:4:{i:0;s:36:\"{\"name\":\"Swords Dance\",\"power\":\"HP\"}\";i:1;s:25:\"{\"name\":\"Cut\",\"power\":50}\";i:2;s:26:\"{\"name\":\"Bind\",\"power\":15}\";i:3;s:26:\"{\"name\":\"Slam\",\"power\":80}\";}','common',5000,'2021-05-15 12:15:29','2021-05-15 14:19:30'),(70,'Weepinbell','https://raw.githubusercontent.com/PokeAPI/sprites/master/sprites/pokemon/other/official-artwork/70.png',65,90,50,55,'Grass','a:4:{i:0;s:36:\"{\"name\":\"Swords Dance\",\"power\":\"HP\"}\";i:1;s:25:\"{\"name\":\"Cut\",\"power\":50}\";i:2;s:26:\"{\"name\":\"Bind\",\"power\":15}\";i:3;s:26:\"{\"name\":\"Slam\",\"power\":80}\";}','rare',15000,'2021-05-15 12:15:29','2021-05-15 14:19:30'),(71,'Victreebel','https://raw.githubusercontent.com/PokeAPI/sprites/master/sprites/pokemon/other/official-artwork/71.png',80,105,65,70,'Grass','a:4:{i:0;s:36:\"{\"name\":\"Swords Dance\",\"power\":\"HP\"}\";i:1;s:25:\"{\"name\":\"Cut\",\"power\":50}\";i:2;s:26:\"{\"name\":\"Bind\",\"power\":15}\";i:3;s:31:\"{\"name\":\"Vine Whip\",\"power\":45}\";}','superrare',25000,'2021-05-15 12:15:29','2021-05-15 14:19:30'),(72,'Tentacool','https://raw.githubusercontent.com/PokeAPI/sprites/master/sprites/pokemon/other/official-artwork/72.png',40,40,35,70,'Water','a:4:{i:0;s:37:\"{\"name\":\"Swords Dance\",\"power\":\"ATK\"}\";i:1;s:25:\"{\"name\":\"Cut\",\"power\":50}\";i:2;s:26:\"{\"name\":\"Bind\",\"power\":15}\";i:3;s:26:\"{\"name\":\"Wrap\",\"power\":15}\";}','common',5000,'2021-05-15 12:15:29','2021-05-15 14:19:30'),(73,'Tentacruel','https://raw.githubusercontent.com/PokeAPI/sprites/master/sprites/pokemon/other/official-artwork/73.png',80,70,65,100,'Water','a:4:{i:0;s:36:\"{\"name\":\"Swords Dance\",\"power\":\"HP\"}\";i:1;s:25:\"{\"name\":\"Cut\",\"power\":50}\";i:2;s:26:\"{\"name\":\"Bind\",\"power\":15}\";i:3;s:26:\"{\"name\":\"Wrap\",\"power\":15}\";}','rare',15000,'2021-05-15 12:15:29','2021-05-15 14:19:30'),(74,'Geodude','https://raw.githubusercontent.com/PokeAPI/sprites/master/sprites/pokemon/other/official-artwork/74.png',40,80,100,20,'Rock','a:4:{i:0;s:32:\"{\"name\":\"Mega Punch\",\"power\":80}\";i:1;s:32:\"{\"name\":\"Fire Punch\",\"power\":75}\";i:2;s:35:\"{\"name\":\"Thunder Punch\",\"power\":75}\";i:3;s:30:\"{\"name\":\"Headbutt\",\"power\":70}\";}','common',5000,'2021-05-15 12:15:29','2021-05-15 14:19:30'),(75,'Graveler','https://raw.githubusercontent.com/PokeAPI/sprites/master/sprites/pokemon/other/official-artwork/75.png',55,95,115,35,'Rock','a:4:{i:0;s:32:\"{\"name\":\"Mega Punch\",\"power\":80}\";i:1;s:32:\"{\"name\":\"Fire Punch\",\"power\":75}\";i:2;s:35:\"{\"name\":\"Thunder Punch\",\"power\":75}\";i:3;s:30:\"{\"name\":\"Headbutt\",\"power\":70}\";}','superrare',25000,'2021-05-15 12:15:29','2021-05-15 14:19:30'),(76,'Golem','https://raw.githubusercontent.com/PokeAPI/sprites/master/sprites/pokemon/other/official-artwork/76.png',80,120,130,45,'Rock','a:4:{i:0;s:32:\"{\"name\":\"Mega Punch\",\"power\":80}\";i:1;s:32:\"{\"name\":\"Fire Punch\",\"power\":75}\";i:2;s:35:\"{\"name\":\"Thunder Punch\",\"power\":75}\";i:3;s:32:\"{\"name\":\"Mega Kick\",\"power\":120}\";}','unique',50000,'2021-05-15 12:15:29','2021-05-15 14:19:30'),(77,'Ponyta','https://raw.githubusercontent.com/PokeAPI/sprites/master/sprites/pokemon/other/official-artwork/77.png',50,85,55,90,'Fire','a:4:{i:0;s:27:\"{\"name\":\"Stomp\",\"power\":65}\";i:1;s:33:\"{\"name\":\"Double Kick\",\"power\":30}\";i:2;s:30:\"{\"name\":\"Headbutt\",\"power\":70}\";i:3;s:35:\"{\"name\":\"Horn Drill\",\"power\":\"ATK\"}\";}','common',5000,'2021-05-15 12:15:29','2021-05-15 14:19:30'),(78,'Rapidash','https://raw.githubusercontent.com/PokeAPI/sprites/master/sprites/pokemon/other/official-artwork/78.png',65,100,70,105,'Fire','a:4:{i:0;s:27:\"{\"name\":\"Stomp\",\"power\":65}\";i:1;s:30:\"{\"name\":\"Headbutt\",\"power\":70}\";i:2;s:33:\"{\"name\":\"Fury Attack\",\"power\":15}\";i:3;s:35:\"{\"name\":\"Horn Drill\",\"power\":\"ATK\"}\";}','rare',15000,'2021-05-15 12:15:29','2021-05-15 14:19:30'),(79,'Slowpoke','https://raw.githubusercontent.com/PokeAPI/sprites/master/sprites/pokemon/other/official-artwork/79.png',90,65,65,15,'Water','a:4:{i:0;s:29:\"{\"name\":\"Pay Day\",\"power\":40}\";i:1;s:27:\"{\"name\":\"Stomp\",\"power\":65}\";i:2;s:30:\"{\"name\":\"Headbutt\",\"power\":70}\";i:3;s:28:\"{\"name\":\"Tackle\",\"power\":40}\";}','common',5000,'2021-05-15 12:15:29','2021-05-15 14:19:30'),(80,'Slowbro','https://raw.githubusercontent.com/PokeAPI/sprites/master/sprites/pokemon/other/official-artwork/80.png',95,75,110,30,'Water','a:4:{i:0;s:32:\"{\"name\":\"Mega Punch\",\"power\":80}\";i:1;s:29:\"{\"name\":\"Pay Day\",\"power\":40}\";i:2;s:31:\"{\"name\":\"Ice Punch\",\"power\":75}\";i:3;s:32:\"{\"name\":\"Mega Kick\",\"power\":120}\";}','rare',15000,'2021-05-15 12:15:29','2021-05-15 14:19:30'),(81,'Magnemite','https://raw.githubusercontent.com/PokeAPI/sprites/master/sprites/pokemon/other/official-artwork/81.png',25,35,70,45,'Electric','a:4:{i:0;s:28:\"{\"name\":\"Tackle\",\"power\":40}\";i:1;s:31:\"{\"name\":\"Take Down\",\"power\":90}\";i:2;s:34:\"{\"name\":\"Double Edge\",\"power\":120}\";i:3;s:35:\"{\"name\":\"Supersonic\",\"power\":\"ATK\"}\";}','rare',15000,'2021-05-15 12:15:29','2021-05-15 14:19:30'),(82,'Magneton','https://raw.githubusercontent.com/PokeAPI/sprites/master/sprites/pokemon/other/official-artwork/82.png',50,60,95,70,'Electric','a:4:{i:0;s:28:\"{\"name\":\"Tackle\",\"power\":40}\";i:1;s:31:\"{\"name\":\"Take Down\",\"power\":90}\";i:2;s:34:\"{\"name\":\"Double Edge\",\"power\":120}\";i:3;s:35:\"{\"name\":\"Supersonic\",\"power\":\"DEF\"}\";}','superrare',25000,'2021-05-15 12:15:29','2021-05-15 14:19:30'),(83,'Farfetchd','https://raw.githubusercontent.com/PokeAPI/sprites/master/sprites/pokemon/other/official-artwork/83.png',52,90,55,60,'Normal','a:4:{i:0;s:32:\"{\"name\":\"Razor Wind\",\"power\":80}\";i:1;s:36:\"{\"name\":\"Swords Dance\",\"power\":\"HP\"}\";i:2;s:25:\"{\"name\":\"Cut\",\"power\":50}\";i:3;s:26:\"{\"name\":\"Gust\",\"power\":40}\";}','unique',50000,'2021-05-15 12:15:29','2021-05-15 14:19:30'),(84,'Doduo','https://raw.githubusercontent.com/PokeAPI/sprites/master/sprites/pokemon/other/official-artwork/84.png',35,85,45,75,'Normal','a:4:{i:0;s:37:\"{\"name\":\"Swords Dance\",\"power\":\"DEF\"}\";i:1;s:33:\"{\"name\":\"Whirlwind\",\"power\":\"HP\"}\";i:2;s:25:\"{\"name\":\"Fly\",\"power\":90}\";i:3;s:32:\"{\"name\":\"Jump Kick\",\"power\":100}\";}','common',5000,'2021-05-15 12:15:29','2021-05-15 14:19:30'),(85,'Dodrio','https://raw.githubusercontent.com/PokeAPI/sprites/master/sprites/pokemon/other/official-artwork/85.png',60,110,70,110,'Normal','a:4:{i:0;s:37:\"{\"name\":\"Swords Dance\",\"power\":\"DEF\"}\";i:1;s:33:\"{\"name\":\"Whirlwind\",\"power\":\"HP\"}\";i:2;s:25:\"{\"name\":\"Fly\",\"power\":90}\";i:3;s:32:\"{\"name\":\"Jump Kick\",\"power\":100}\";}','rare',15000,'2021-05-15 12:15:29','2021-05-15 14:19:30'),(86,'Seel','https://raw.githubusercontent.com/PokeAPI/sprites/master/sprites/pokemon/other/official-artwork/86.png',65,45,55,45,'Water','a:4:{i:0;s:29:\"{\"name\":\"Pay Day\",\"power\":40}\";i:1;s:26:\"{\"name\":\"Slam\",\"power\":80}\";i:2;s:30:\"{\"name\":\"Headbutt\",\"power\":70}\";i:3;s:35:\"{\"name\":\"Horn Drill\",\"power\":\"DEF\"}\";}','common',5000,'2021-05-15 12:15:29','2021-05-15 14:19:30'),(87,'Dewgong','https://raw.githubusercontent.com/PokeAPI/sprites/master/sprites/pokemon/other/official-artwork/87.png',90,70,80,70,'Water','a:4:{i:0;s:29:\"{\"name\":\"Pay Day\",\"power\":40}\";i:1;s:30:\"{\"name\":\"Headbutt\",\"power\":70}\";i:2;s:35:\"{\"name\":\"Horn Drill\",\"power\":\"DEF\"}\";i:3;s:31:\"{\"name\":\"Body Slam\",\"power\":85}\";}','superrare',25000,'2021-05-15 12:15:29','2021-05-15 14:19:30'),(88,'Grimer','https://raw.githubusercontent.com/PokeAPI/sprites/master/sprites/pokemon/other/official-artwork/88.png',80,80,50,25,'Poison','a:4:{i:0;s:27:\"{\"name\":\"Pound\",\"power\":40}\";i:1;s:32:\"{\"name\":\"Fire Punch\",\"power\":75}\";i:2;s:31:\"{\"name\":\"Ice Punch\",\"power\":75}\";i:3;s:35:\"{\"name\":\"Thunder Punch\",\"power\":75}\";}','common',5000,'2021-05-15 12:15:29','2021-05-15 14:19:30'),(89,'Muk','https://raw.githubusercontent.com/PokeAPI/sprites/master/sprites/pokemon/other/official-artwork/89.png',105,105,75,50,'Poison','a:4:{i:0;s:27:\"{\"name\":\"Pound\",\"power\":40}\";i:1;s:32:\"{\"name\":\"Fire Punch\",\"power\":75}\";i:2;s:31:\"{\"name\":\"Ice Punch\",\"power\":75}\";i:3;s:35:\"{\"name\":\"Thunder Punch\",\"power\":75}\";}','rare',15000,'2021-05-15 12:15:29','2021-05-15 14:19:30'),(90,'Shellder','https://raw.githubusercontent.com/PokeAPI/sprites/master/sprites/pokemon/other/official-artwork/90.png',30,65,100,40,'Water','a:4:{i:0;s:28:\"{\"name\":\"Tackle\",\"power\":40}\";i:1;s:31:\"{\"name\":\"Take Down\",\"power\":90}\";i:2;s:34:\"{\"name\":\"Double Edge\",\"power\":120}\";i:3;s:31:\"{\"name\":\"Twineedle\",\"power\":25}\";}','rare',15000,'2021-05-15 12:15:29','2021-05-15 14:19:30'),(91,'Cloyster','https://raw.githubusercontent.com/PokeAPI/sprites/master/sprites/pokemon/other/official-artwork/91.png',50,95,180,70,'Water','a:4:{i:0;s:31:\"{\"name\":\"Take Down\",\"power\":90}\";i:1;s:34:\"{\"name\":\"Double Edge\",\"power\":120}\";i:2;s:35:\"{\"name\":\"Supersonic\",\"power\":\"ATK\"}\";i:3;s:31:\"{\"name\":\"Water Gun\",\"power\":40}\";}','superrare',25000,'2021-05-15 12:15:29','2021-05-15 14:19:30'),(92,'Gastly','https://raw.githubusercontent.com/PokeAPI/sprites/master/sprites/pokemon/other/official-artwork/92.png',30,35,30,80,'Ghost','a:4:{i:0;s:32:\"{\"name\":\"Fire Punch\",\"power\":75}\";i:1;s:31:\"{\"name\":\"Ice Punch\",\"power\":75}\";i:2;s:35:\"{\"name\":\"Thunder Punch\",\"power\":75}\";i:3;s:32:\"{\"name\":\"Disable\",\"power\":\"ATK\"}\";}','superrare',25000,'2021-05-15 12:15:29','2021-05-15 14:19:30'),(93,'Haunter','https://raw.githubusercontent.com/PokeAPI/sprites/master/sprites/pokemon/other/official-artwork/93.png',45,50,45,95,'Ghost','a:4:{i:0;s:32:\"{\"name\":\"Fire Punch\",\"power\":75}\";i:1;s:31:\"{\"name\":\"Ice Punch\",\"power\":75}\";i:2;s:35:\"{\"name\":\"Thunder Punch\",\"power\":75}\";i:3;s:32:\"{\"name\":\"Mega Drain\",\"power\":40}\";}','superrare',25000,'2021-05-15 12:15:30','2021-05-15 14:19:30'),(94,'Gengar','https://raw.githubusercontent.com/PokeAPI/sprites/master/sprites/pokemon/other/official-artwork/94.png',60,65,60,110,'Ghost','a:4:{i:0;s:32:\"{\"name\":\"Mega Punch\",\"power\":80}\";i:1;s:32:\"{\"name\":\"Fire Punch\",\"power\":75}\";i:2;s:31:\"{\"name\":\"Ice Punch\",\"power\":75}\";i:3;s:35:\"{\"name\":\"Thunder Punch\",\"power\":75}\";}','unique',50000,'2021-05-15 12:15:30','2021-05-15 14:19:31'),(95,'Onix','https://raw.githubusercontent.com/PokeAPI/sprites/master/sprites/pokemon/other/official-artwork/95.png',35,45,160,70,'Rock','a:4:{i:0;s:26:\"{\"name\":\"Bind\",\"power\":15}\";i:1;s:26:\"{\"name\":\"Slam\",\"power\":80}\";i:2;s:30:\"{\"name\":\"Headbutt\",\"power\":70}\";i:3;s:28:\"{\"name\":\"Tackle\",\"power\":40}\";}','rare',15000,'2021-05-15 12:15:30','2021-05-15 14:19:31'),(96,'Drowzee','https://raw.githubusercontent.com/PokeAPI/sprites/master/sprites/pokemon/other/official-artwork/96.png',60,48,45,42,'Psychic','a:4:{i:0;s:27:\"{\"name\":\"Pound\",\"power\":40}\";i:1;s:32:\"{\"name\":\"Mega Punch\",\"power\":80}\";i:2;s:32:\"{\"name\":\"Fire Punch\",\"power\":75}\";i:3;s:31:\"{\"name\":\"Ice Punch\",\"power\":75}\";}','common',5000,'2021-05-15 12:15:30','2021-05-15 14:19:31'),(97,'Hypno','https://raw.githubusercontent.com/PokeAPI/sprites/master/sprites/pokemon/other/official-artwork/97.png',85,73,70,67,'Psychic','a:4:{i:0;s:27:\"{\"name\":\"Pound\",\"power\":40}\";i:1;s:32:\"{\"name\":\"Mega Punch\",\"power\":80}\";i:2;s:32:\"{\"name\":\"Fire Punch\",\"power\":75}\";i:3;s:31:\"{\"name\":\"Ice Punch\",\"power\":75}\";}','rare',15000,'2021-05-15 12:15:30','2021-05-15 14:19:31'),(98,'Krabby','https://raw.githubusercontent.com/PokeAPI/sprites/master/sprites/pokemon/other/official-artwork/98.png',30,105,90,50,'Water','a:4:{i:0;s:31:\"{\"name\":\"Vice Grip\",\"power\":55}\";i:1;s:35:\"{\"name\":\"Guillotine\",\"power\":\"ATK\"}\";i:2;s:36:\"{\"name\":\"Swords Dance\",\"power\":\"HP\"}\";i:3;s:25:\"{\"name\":\"Cut\",\"power\":50}\";}','common',5000,'2021-05-15 12:15:30','2021-05-15 14:19:31'),(99,'Kingler','https://raw.githubusercontent.com/PokeAPI/sprites/master/sprites/pokemon/other/official-artwork/99.png',55,130,115,75,'Water','a:4:{i:0;s:31:\"{\"name\":\"Vice Grip\",\"power\":55}\";i:1;s:35:\"{\"name\":\"Guillotine\",\"power\":\"DEF\"}\";i:2;s:36:\"{\"name\":\"Swords Dance\",\"power\":\"HP\"}\";i:3;s:25:\"{\"name\":\"Cut\",\"power\":50}\";}','rare',15000,'2021-05-15 12:15:30','2021-05-15 14:19:31'),(100,'Voltorb','https://raw.githubusercontent.com/PokeAPI/sprites/master/sprites/pokemon/other/official-artwork/100.png',40,30,50,100,'Electric','a:4:{i:0;s:30:\"{\"name\":\"Headbutt\",\"power\":70}\";i:1;s:28:\"{\"name\":\"Tackle\",\"power\":40}\";i:2;s:31:\"{\"name\":\"Take Down\",\"power\":90}\";i:3;s:35:\"{\"name\":\"Sonic Boom\",\"power\":\"DEF\"}\";}','rare',15000,'2021-05-15 12:15:30','2021-05-15 14:19:31'),(101,'Electrode','https://raw.githubusercontent.com/PokeAPI/sprites/master/sprites/pokemon/other/official-artwork/101.png',60,50,70,150,'Electric','a:4:{i:0;s:30:\"{\"name\":\"Headbutt\",\"power\":70}\";i:1;s:28:\"{\"name\":\"Tackle\",\"power\":40}\";i:2;s:31:\"{\"name\":\"Take Down\",\"power\":90}\";i:3;s:34:\"{\"name\":\"Sonic Boom\",\"power\":\"HP\"}\";}','superrare',25000,'2021-05-15 12:15:30','2021-05-15 14:19:31'),(102,'Exeggcute','https://raw.githubusercontent.com/PokeAPI/sprites/master/sprites/pokemon/other/official-artwork/102.png',60,40,80,40,'Grass','a:4:{i:0;s:37:\"{\"name\":\"Swords Dance\",\"power\":\"DEF\"}\";i:1;s:31:\"{\"name\":\"Take Down\",\"power\":90}\";i:2;s:34:\"{\"name\":\"Double Edge\",\"power\":120}\";i:3;s:30:\"{\"name\":\"Strength\",\"power\":80}\";}','common',5000,'2021-05-15 12:15:30','2021-05-15 14:19:31'),(103,'Exeggutor','https://raw.githubusercontent.com/PokeAPI/sprites/master/sprites/pokemon/other/official-artwork/103.png',95,95,85,55,'Grass','a:4:{i:0;s:37:\"{\"name\":\"Swords Dance\",\"power\":\"ATK\"}\";i:1;s:27:\"{\"name\":\"Stomp\",\"power\":65}\";i:2;s:30:\"{\"name\":\"Headbutt\",\"power\":70}\";i:3;s:31:\"{\"name\":\"Take Down\",\"power\":90}\";}','rare',15000,'2021-05-15 12:15:30','2021-05-15 14:19:31'),(104,'Cubone','https://raw.githubusercontent.com/PokeAPI/sprites/master/sprites/pokemon/other/official-artwork/104.png',50,50,95,35,'Ground','a:4:{i:0;s:32:\"{\"name\":\"Mega Punch\",\"power\":80}\";i:1;s:32:\"{\"name\":\"Fire Punch\",\"power\":75}\";i:2;s:35:\"{\"name\":\"Thunder Punch\",\"power\":75}\";i:3;s:37:\"{\"name\":\"Swords Dance\",\"power\":\"ATK\"}\";}','superrare',25000,'2021-05-15 12:15:30','2021-05-15 14:19:31'),(105,'Marowak','https://raw.githubusercontent.com/PokeAPI/sprites/master/sprites/pokemon/other/official-artwork/105.png',60,80,110,45,'Ground','a:4:{i:0;s:32:\"{\"name\":\"Mega Punch\",\"power\":80}\";i:1;s:32:\"{\"name\":\"Fire Punch\",\"power\":75}\";i:2;s:35:\"{\"name\":\"Thunder Punch\",\"power\":75}\";i:3;s:36:\"{\"name\":\"Swords Dance\",\"power\":\"HP\"}\";}','unique',50000,'2021-05-15 12:15:30','2021-05-15 14:19:31'),(106,'Hitmonlee','https://raw.githubusercontent.com/PokeAPI/sprites/master/sprites/pokemon/other/official-artwork/106.png',50,120,53,87,'Fighting','a:4:{i:0;s:32:\"{\"name\":\"Mega Punch\",\"power\":80}\";i:1;s:33:\"{\"name\":\"Double Kick\",\"power\":30}\";i:2;s:32:\"{\"name\":\"Mega Kick\",\"power\":120}\";i:3;s:32:\"{\"name\":\"Jump Kick\",\"power\":100}\";}','unique',50000,'2021-05-15 12:15:30','2021-05-15 14:19:31'),(107,'Hitmonchan','https://raw.githubusercontent.com/PokeAPI/sprites/master/sprites/pokemon/other/official-artwork/107.png',50,105,79,76,'Fighting','a:4:{i:0;s:33:\"{\"name\":\"Comet Punch\",\"power\":18}\";i:1;s:32:\"{\"name\":\"Mega Punch\",\"power\":80}\";i:2;s:32:\"{\"name\":\"Fire Punch\",\"power\":75}\";i:3;s:31:\"{\"name\":\"Ice Punch\",\"power\":75}\";}','unique',50000,'2021-05-15 12:15:30','2021-05-15 14:19:31'),(108,'Lickitung','https://raw.githubusercontent.com/PokeAPI/sprites/master/sprites/pokemon/other/official-artwork/108.png',90,55,75,30,'Normal','a:4:{i:0;s:32:\"{\"name\":\"Mega Punch\",\"power\":80}\";i:1;s:32:\"{\"name\":\"Fire Punch\",\"power\":75}\";i:2;s:31:\"{\"name\":\"Ice Punch\",\"power\":75}\";i:3;s:35:\"{\"name\":\"Thunder Punch\",\"power\":75}\";}','rare',15000,'2021-05-15 12:15:30','2021-05-15 14:19:31'),(109,'Koffing','https://raw.githubusercontent.com/PokeAPI/sprites/master/sprites/pokemon/other/official-artwork/109.png',40,65,95,35,'Poison','a:4:{i:0;s:28:\"{\"name\":\"Tackle\",\"power\":40}\";i:1;s:34:\"{\"name\":\"Flamethrower\",\"power\":90}\";i:2;s:29:\"{\"name\":\"Psybeam\",\"power\":65}\";i:3;s:33:\"{\"name\":\"Thunderbolt\",\"power\":90}\";}','common',5000,'2021-05-15 12:15:30','2021-05-15 14:19:31'),(110,'Weezing','https://raw.githubusercontent.com/PokeAPI/sprites/master/sprites/pokemon/other/official-artwork/110.png',65,90,120,60,'Poison','a:4:{i:0;s:28:\"{\"name\":\"Tackle\",\"power\":40}\";i:1;s:34:\"{\"name\":\"Flamethrower\",\"power\":90}\";i:2;s:33:\"{\"name\":\"Hyper Beam\",\"power\":150}\";i:3;s:33:\"{\"name\":\"Thunderbolt\",\"power\":90}\";}','rare',15000,'2021-05-15 12:15:30','2021-05-15 14:19:31'),(111,'Rhyhorn','https://raw.githubusercontent.com/PokeAPI/sprites/master/sprites/pokemon/other/official-artwork/111.png',80,85,95,25,'Ground','a:4:{i:0;s:36:\"{\"name\":\"Swords Dance\",\"power\":\"HP\"}\";i:1;s:27:\"{\"name\":\"Stomp\",\"power\":65}\";i:2;s:30:\"{\"name\":\"Headbutt\",\"power\":70}\";i:3;s:33:\"{\"name\":\"Horn Attack\",\"power\":65}\";}','superrare',25000,'2021-05-15 12:15:30','2021-05-15 14:19:31'),(112,'Rhydon','https://raw.githubusercontent.com/PokeAPI/sprites/master/sprites/pokemon/other/official-artwork/112.png',105,130,120,40,'Ground','a:4:{i:0;s:32:\"{\"name\":\"Mega Punch\",\"power\":80}\";i:1;s:29:\"{\"name\":\"Pay Day\",\"power\":40}\";i:2;s:32:\"{\"name\":\"Fire Punch\",\"power\":75}\";i:3;s:31:\"{\"name\":\"Ice Punch\",\"power\":75}\";}','unique',50000,'2021-05-15 12:15:30','2021-05-15 14:19:31'),(113,'Chansey','https://raw.githubusercontent.com/PokeAPI/sprites/master/sprites/pokemon/other/official-artwork/113.png',250,5,5,50,'Normal','a:4:{i:0;s:27:\"{\"name\":\"Pound\",\"power\":40}\";i:1;s:33:\"{\"name\":\"Double Slap\",\"power\":15}\";i:2;s:32:\"{\"name\":\"Mega Punch\",\"power\":80}\";i:3;s:32:\"{\"name\":\"Fire Punch\",\"power\":75}\";}','unique',50000,'2021-05-15 12:15:30','2021-05-15 14:19:31'),(114,'Tangela','https://raw.githubusercontent.com/PokeAPI/sprites/master/sprites/pokemon/other/official-artwork/114.png',65,55,115,60,'Grass','a:4:{i:0;s:37:\"{\"name\":\"Swords Dance\",\"power\":\"ATK\"}\";i:1;s:25:\"{\"name\":\"Cut\",\"power\":50}\";i:2;s:26:\"{\"name\":\"Bind\",\"power\":15}\";i:3;s:26:\"{\"name\":\"Slam\",\"power\":80}\";}','common',5000,'2021-05-15 12:15:30','2021-05-15 14:19:31'),(115,'Kangaskhan','https://raw.githubusercontent.com/PokeAPI/sprites/master/sprites/pokemon/other/official-artwork/115.png',105,95,80,90,'Normal','a:4:{i:0;s:33:\"{\"name\":\"Comet Punch\",\"power\":18}\";i:1;s:32:\"{\"name\":\"Mega Punch\",\"power\":80}\";i:2;s:32:\"{\"name\":\"Fire Punch\",\"power\":75}\";i:3;s:31:\"{\"name\":\"Ice Punch\",\"power\":75}\";}','superrare',25000,'2021-05-15 12:15:30','2021-05-15 14:19:31'),(116,'Horsea','https://raw.githubusercontent.com/PokeAPI/sprites/master/sprites/pokemon/other/official-artwork/116.png',30,40,70,60,'Water','a:4:{i:0;s:32:\"{\"name\":\"Razor Wind\",\"power\":80}\";i:1;s:30:\"{\"name\":\"Headbutt\",\"power\":70}\";i:2;s:31:\"{\"name\":\"Take Down\",\"power\":90}\";i:3;s:34:\"{\"name\":\"Double Edge\",\"power\":120}\";}','superrare',25000,'2021-05-15 12:15:30','2021-05-15 14:19:31'),(117,'Seadra','https://raw.githubusercontent.com/PokeAPI/sprites/master/sprites/pokemon/other/official-artwork/117.png',55,65,95,85,'Water','a:4:{i:0;s:30:\"{\"name\":\"Headbutt\",\"power\":70}\";i:1;s:31:\"{\"name\":\"Take Down\",\"power\":90}\";i:2;s:34:\"{\"name\":\"Double Edge\",\"power\":120}\";i:3;s:29:\"{\"name\":\"Leer\",\"power\":\"ATK\"}\";}','unique',50000,'2021-05-15 12:15:30','2021-05-15 14:19:31'),(118,'Goldeen','https://raw.githubusercontent.com/PokeAPI/sprites/master/sprites/pokemon/other/official-artwork/118.png',45,67,60,63,'Water','a:4:{i:0;s:33:\"{\"name\":\"Horn Attack\",\"power\":65}\";i:1;s:33:\"{\"name\":\"Fury Attack\",\"power\":15}\";i:2;s:34:\"{\"name\":\"Horn Drill\",\"power\":\"HP\"}\";i:3;s:31:\"{\"name\":\"Body Slam\",\"power\":85}\";}','rare',15000,'2021-05-15 12:15:30','2021-05-15 14:19:31'),(119,'Seaking','https://raw.githubusercontent.com/PokeAPI/sprites/master/sprites/pokemon/other/official-artwork/119.png',80,92,65,68,'Water','a:4:{i:0;s:33:\"{\"name\":\"Horn Attack\",\"power\":65}\";i:1;s:33:\"{\"name\":\"Fury Attack\",\"power\":15}\";i:2;s:35:\"{\"name\":\"Horn Drill\",\"power\":\"ATK\"}\";i:3;s:31:\"{\"name\":\"Take Down\",\"power\":90}\";}','superrare',25000,'2021-05-15 12:15:30','2021-05-15 14:19:31'),(120,'Staryu','https://raw.githubusercontent.com/PokeAPI/sprites/master/sprites/pokemon/other/official-artwork/120.png',30,45,55,85,'Water','a:4:{i:0;s:28:\"{\"name\":\"Tackle\",\"power\":40}\";i:1;s:31:\"{\"name\":\"Take Down\",\"power\":90}\";i:2;s:34:\"{\"name\":\"Double Edge\",\"power\":120}\";i:3;s:35:\"{\"name\":\"Supersonic\",\"power\":\"ATK\"}\";}','superrare',25000,'2021-05-15 12:15:30','2021-05-15 14:19:31'),(121,'Starmie','https://raw.githubusercontent.com/PokeAPI/sprites/master/sprites/pokemon/other/official-artwork/121.png',60,75,85,115,'Water','a:4:{i:0;s:28:\"{\"name\":\"Tackle\",\"power\":40}\";i:1;s:31:\"{\"name\":\"Take Down\",\"power\":90}\";i:2;s:34:\"{\"name\":\"Double Edge\",\"power\":120}\";i:3;s:31:\"{\"name\":\"Water Gun\",\"power\":40}\";}','unique',50000,'2021-05-15 12:15:30','2021-05-15 14:19:31'),(122,'Mr-mime','https://raw.githubusercontent.com/PokeAPI/sprites/master/sprites/pokemon/other/official-artwork/122.png',40,45,65,90,'Psychic','a:4:{i:0;s:27:\"{\"name\":\"Pound\",\"power\":40}\";i:1;s:33:\"{\"name\":\"Double Slap\",\"power\":15}\";i:2;s:32:\"{\"name\":\"Mega Punch\",\"power\":80}\";i:3;s:32:\"{\"name\":\"Fire Punch\",\"power\":75}\";}','unique',50000,'2021-05-15 12:15:31','2021-05-15 14:19:31'),(123,'Scyther','https://raw.githubusercontent.com/PokeAPI/sprites/master/sprites/pokemon/other/official-artwork/123.png',70,110,80,105,'Bug','a:4:{i:0;s:32:\"{\"name\":\"Razor Wind\",\"power\":80}\";i:1;s:36:\"{\"name\":\"Swords Dance\",\"power\":\"HP\"}\";i:2;s:25:\"{\"name\":\"Cut\",\"power\":50}\";i:3;s:33:\"{\"name\":\"Wing Attack\",\"power\":60}\";}','unique',50000,'2021-05-15 12:15:31','2021-05-15 14:19:31'),(124,'Jynx','https://raw.githubusercontent.com/PokeAPI/sprites/master/sprites/pokemon/other/official-artwork/124.png',65,50,35,95,'Ice','a:4:{i:0;s:27:\"{\"name\":\"Pound\",\"power\":40}\";i:1;s:33:\"{\"name\":\"Double Slap\",\"power\":15}\";i:2;s:32:\"{\"name\":\"Mega Punch\",\"power\":80}\";i:3;s:31:\"{\"name\":\"Ice Punch\",\"power\":75}\";}','rare',15000,'2021-05-15 12:15:31','2021-05-15 14:19:31'),(125,'Electabuzz','https://raw.githubusercontent.com/PokeAPI/sprites/master/sprites/pokemon/other/official-artwork/125.png',65,83,57,105,'Electric','a:4:{i:0;s:32:\"{\"name\":\"Mega Punch\",\"power\":80}\";i:1;s:32:\"{\"name\":\"Fire Punch\",\"power\":75}\";i:2;s:31:\"{\"name\":\"Ice Punch\",\"power\":75}\";i:3;s:35:\"{\"name\":\"Thunder Punch\",\"power\":75}\";}','superrare',25000,'2021-05-15 12:15:31','2021-05-15 14:19:31'),(126,'Magmar','https://raw.githubusercontent.com/PokeAPI/sprites/master/sprites/pokemon/other/official-artwork/126.png',65,95,57,93,'Fire','a:4:{i:0;s:32:\"{\"name\":\"Mega Punch\",\"power\":80}\";i:1;s:32:\"{\"name\":\"Fire Punch\",\"power\":75}\";i:2;s:35:\"{\"name\":\"Thunder Punch\",\"power\":75}\";i:3;s:32:\"{\"name\":\"Mega Kick\",\"power\":120}\";}','superrare',25000,'2021-05-15 12:15:31','2021-05-15 14:19:31'),(127,'Pinsir','https://raw.githubusercontent.com/PokeAPI/sprites/master/sprites/pokemon/other/official-artwork/127.png',65,125,100,85,'Bug','a:4:{i:0;s:31:\"{\"name\":\"Vice Grip\",\"power\":55}\";i:1;s:34:\"{\"name\":\"Guillotine\",\"power\":\"HP\"}\";i:2;s:37:\"{\"name\":\"Swords Dance\",\"power\":\"DEF\"}\";i:3;s:25:\"{\"name\":\"Cut\",\"power\":50}\";}','unique',50000,'2021-05-15 12:15:31','2021-05-15 14:19:31'),(128,'Tauros','https://raw.githubusercontent.com/PokeAPI/sprites/master/sprites/pokemon/other/official-artwork/128.png',75,100,95,110,'Normal','a:4:{i:0;s:27:\"{\"name\":\"Stomp\",\"power\":65}\";i:1;s:30:\"{\"name\":\"Headbutt\",\"power\":70}\";i:2;s:33:\"{\"name\":\"Horn Attack\",\"power\":65}\";i:3;s:35:\"{\"name\":\"Horn Drill\",\"power\":\"ATK\"}\";}','superrare',25000,'2021-05-15 12:15:31','2021-05-15 14:19:31'),(129,'Magikarp','https://raw.githubusercontent.com/PokeAPI/sprites/master/sprites/pokemon/other/official-artwork/129.png',20,10,55,80,'Water','a:4:{i:0;s:28:\"{\"name\":\"Tackle\",\"power\":40}\";i:1;s:30:\"{\"name\":\"Splash\",\"power\":\"HP\"}\";i:2;s:30:\"{\"name\":\"Flail\",\"power\":\"DEF\"}\";i:3;s:28:\"{\"name\":\"Bounce\",\"power\":85}\";}','common',5000,'2021-05-15 12:15:31','2021-05-15 14:19:31'),(130,'Gyarados','https://raw.githubusercontent.com/PokeAPI/sprites/master/sprites/pokemon/other/official-artwork/130.png',95,125,79,81,'Water','a:4:{i:0;s:30:\"{\"name\":\"Headbutt\",\"power\":70}\";i:1;s:28:\"{\"name\":\"Tackle\",\"power\":40}\";i:2;s:31:\"{\"name\":\"Body Slam\",\"power\":85}\";i:3;s:31:\"{\"name\":\"Take Down\",\"power\":90}\";}','rare',15000,'2021-05-15 12:15:31','2021-05-15 14:19:31'),(131,'Lapras','https://raw.githubusercontent.com/PokeAPI/sprites/master/sprites/pokemon/other/official-artwork/131.png',130,85,80,60,'Water','a:4:{i:0;s:30:\"{\"name\":\"Headbutt\",\"power\":70}\";i:1;s:35:\"{\"name\":\"Horn Drill\",\"power\":\"DEF\"}\";i:2;s:31:\"{\"name\":\"Body Slam\",\"power\":85}\";i:3;s:31:\"{\"name\":\"Take Down\",\"power\":90}\";}','unique',50000,'2021-05-15 12:15:31','2021-05-15 14:19:31'),(132,'Ditto','https://raw.githubusercontent.com/PokeAPI/sprites/master/sprites/pokemon/other/official-artwork/132.png',48,48,48,48,'Normal','a:1:{i:0;s:34:\"{\"name\":\"transform\",\"power\":\"DEF\"}\";}','superrare',25000,'2021-05-15 12:15:31','2021-05-15 14:19:31'),(133,'Eevee','https://raw.githubusercontent.com/PokeAPI/sprites/master/sprites/pokemon/other/official-artwork/133.png',55,55,50,55,'Normal','a:4:{i:0;s:35:\"{\"name\":\"Sand Attack\",\"power\":\"HP\"}\";i:1;s:30:\"{\"name\":\"Headbutt\",\"power\":70}\";i:2;s:28:\"{\"name\":\"Tackle\",\"power\":40}\";i:3;s:31:\"{\"name\":\"Body Slam\",\"power\":85}\";}','rare',15000,'2021-05-15 12:15:31','2021-05-15 14:19:31'),(134,'Vaporeon','https://raw.githubusercontent.com/PokeAPI/sprites/master/sprites/pokemon/other/official-artwork/134.png',130,65,60,65,'Water','a:4:{i:0;s:36:\"{\"name\":\"Sand Attack\",\"power\":\"DEF\"}\";i:1;s:30:\"{\"name\":\"Headbutt\",\"power\":70}\";i:2;s:28:\"{\"name\":\"Tackle\",\"power\":40}\";i:3;s:31:\"{\"name\":\"Body Slam\",\"power\":85}\";}','superrare',25000,'2021-05-15 12:15:31','2021-05-15 14:19:31'),(135,'Jolteon','https://raw.githubusercontent.com/PokeAPI/sprites/master/sprites/pokemon/other/official-artwork/135.png',65,65,60,130,'Electric','a:4:{i:0;s:33:\"{\"name\":\"Double Kick\",\"power\":30}\";i:1;s:36:\"{\"name\":\"Sand Attack\",\"power\":\"ATK\"}\";i:2;s:30:\"{\"name\":\"Headbutt\",\"power\":70}\";i:3;s:28:\"{\"name\":\"Tackle\",\"power\":40}\";}','superrare',25000,'2021-05-15 12:15:31','2021-05-15 14:19:31'),(136,'Flareon','https://raw.githubusercontent.com/PokeAPI/sprites/master/sprites/pokemon/other/official-artwork/136.png',65,130,60,65,'Fire','a:4:{i:0;s:36:\"{\"name\":\"Sand Attack\",\"power\":\"ATK\"}\";i:1;s:30:\"{\"name\":\"Headbutt\",\"power\":70}\";i:2;s:28:\"{\"name\":\"Tackle\",\"power\":40}\";i:3;s:31:\"{\"name\":\"Body Slam\",\"power\":85}\";}','superrare',25000,'2021-05-15 12:15:31','2021-05-15 14:19:31'),(137,'Porygon','https://raw.githubusercontent.com/PokeAPI/sprites/master/sprites/pokemon/other/official-artwork/137.png',65,60,70,40,'Normal','a:4:{i:0;s:28:\"{\"name\":\"Tackle\",\"power\":40}\";i:1;s:31:\"{\"name\":\"Take Down\",\"power\":90}\";i:2;s:34:\"{\"name\":\"Double Edge\",\"power\":120}\";i:3;s:30:\"{\"name\":\"Ice Beam\",\"power\":90}\";}','unique',50000,'2021-05-15 12:15:31','2021-05-15 14:19:31'),(138,'Omanyte','https://raw.githubusercontent.com/PokeAPI/sprites/master/sprites/pokemon/other/official-artwork/138.png',35,40,100,35,'Rock','a:4:{i:0;s:26:\"{\"name\":\"Bind\",\"power\":15}\";i:1;s:26:\"{\"name\":\"Slam\",\"power\":80}\";i:2;s:30:\"{\"name\":\"Headbutt\",\"power\":70}\";i:3;s:33:\"{\"name\":\"Horn Attack\",\"power\":65}\";}','superrare',25000,'2021-05-15 12:15:31','2021-05-15 14:19:31'),(139,'Omastar','https://raw.githubusercontent.com/PokeAPI/sprites/master/sprites/pokemon/other/official-artwork/139.png',70,60,125,55,'Rock','a:4:{i:0;s:26:\"{\"name\":\"Bind\",\"power\":15}\";i:1;s:30:\"{\"name\":\"Headbutt\",\"power\":70}\";i:2;s:33:\"{\"name\":\"Horn Attack\",\"power\":65}\";i:3;s:34:\"{\"name\":\"Horn Drill\",\"power\":\"HP\"}\";}','unique',50000,'2021-05-15 12:15:31','2021-05-15 14:19:31'),(140,'Kabuto','https://raw.githubusercontent.com/PokeAPI/sprites/master/sprites/pokemon/other/official-artwork/140.png',30,80,90,55,'Rock','a:4:{i:0;s:29:\"{\"name\":\"Scratch\",\"power\":40}\";i:1;s:36:\"{\"name\":\"Sand Attack\",\"power\":\"ATK\"}\";i:2;s:31:\"{\"name\":\"Body Slam\",\"power\":85}\";i:3;s:31:\"{\"name\":\"Take Down\",\"power\":90}\";}','superrare',25000,'2021-05-15 12:15:31','2021-05-15 14:19:31'),(141,'Kabutops','https://raw.githubusercontent.com/PokeAPI/sprites/master/sprites/pokemon/other/official-artwork/141.png',60,115,105,80,'Rock','a:4:{i:0;s:29:\"{\"name\":\"Scratch\",\"power\":40}\";i:1;s:32:\"{\"name\":\"Razor Wind\",\"power\":80}\";i:2;s:36:\"{\"name\":\"Swords Dance\",\"power\":\"HP\"}\";i:3;s:25:\"{\"name\":\"Cut\",\"power\":50}\";}','unique',50000,'2021-05-15 12:15:31','2021-05-15 14:19:31'),(142,'Aerodactyl','https://raw.githubusercontent.com/PokeAPI/sprites/master/sprites/pokemon/other/official-artwork/142.png',80,105,65,130,'Rock','a:4:{i:0;s:32:\"{\"name\":\"Razor Wind\",\"power\":80}\";i:1;s:33:\"{\"name\":\"Wing Attack\",\"power\":60}\";i:2;s:34:\"{\"name\":\"Whirlwind\",\"power\":\"DEF\"}\";i:3;s:25:\"{\"name\":\"Fly\",\"power\":90}\";}','unique',50000,'2021-05-15 12:15:31','2021-05-15 14:19:31'),(143,'Snorlax','https://raw.githubusercontent.com/PokeAPI/sprites/master/sprites/pokemon/other/official-artwork/143.png',160,110,65,30,'Normal','a:4:{i:0;s:32:\"{\"name\":\"Mega Punch\",\"power\":80}\";i:1;s:29:\"{\"name\":\"Pay Day\",\"power\":40}\";i:2;s:32:\"{\"name\":\"Fire Punch\",\"power\":75}\";i:3;s:31:\"{\"name\":\"Ice Punch\",\"power\":75}\";}','unique',50000,'2021-05-15 12:15:31','2021-05-15 14:19:31'),(144,'Articuno','https://raw.githubusercontent.com/PokeAPI/sprites/master/sprites/pokemon/other/official-artwork/144.png',90,85,100,85,'Ice','a:4:{i:0;s:32:\"{\"name\":\"Razor Wind\",\"power\":80}\";i:1;s:26:\"{\"name\":\"Gust\",\"power\":40}\";i:2;s:34:\"{\"name\":\"Whirlwind\",\"power\":\"DEF\"}\";i:3;s:25:\"{\"name\":\"Fly\",\"power\":90}\";}','legend',100000,'2021-05-15 12:15:31','2021-05-15 14:19:31'),(145,'Zapdos','https://raw.githubusercontent.com/PokeAPI/sprites/master/sprites/pokemon/other/official-artwork/145.png',90,90,85,100,'Electric','a:4:{i:0;s:32:\"{\"name\":\"Razor Wind\",\"power\":80}\";i:1;s:34:\"{\"name\":\"Whirlwind\",\"power\":\"ATK\"}\";i:2;s:25:\"{\"name\":\"Fly\",\"power\":90}\";i:3;s:31:\"{\"name\":\"Take Down\",\"power\":90}\";}','legend',100000,'2021-05-15 12:15:31','2021-05-15 14:19:31'),(146,'Moltres','https://raw.githubusercontent.com/PokeAPI/sprites/master/sprites/pokemon/other/official-artwork/146.png',90,100,90,90,'Fire','a:4:{i:0;s:32:\"{\"name\":\"Razor Wind\",\"power\":80}\";i:1;s:33:\"{\"name\":\"Wing Attack\",\"power\":60}\";i:2;s:33:\"{\"name\":\"Whirlwind\",\"power\":\"HP\"}\";i:3;s:25:\"{\"name\":\"Fly\",\"power\":90}\";}','legend',100000,'2021-05-15 12:15:31','2021-05-15 14:19:31'),(147,'Dratini','https://raw.githubusercontent.com/PokeAPI/sprites/master/sprites/pokemon/other/official-artwork/147.png',41,64,45,50,'Dragon','a:4:{i:0;s:26:\"{\"name\":\"Bind\",\"power\":15}\";i:1;s:26:\"{\"name\":\"Slam\",\"power\":80}\";i:2;s:30:\"{\"name\":\"Headbutt\",\"power\":70}\";i:3;s:31:\"{\"name\":\"Body Slam\",\"power\":85}\";}','superrare',25000,'2021-05-15 12:15:31','2021-05-15 14:19:31'),(148,'Dragonair','https://raw.githubusercontent.com/PokeAPI/sprites/master/sprites/pokemon/other/official-artwork/148.png',61,84,65,70,'Dragon','a:4:{i:0;s:26:\"{\"name\":\"Bind\",\"power\":15}\";i:1;s:26:\"{\"name\":\"Slam\",\"power\":80}\";i:2;s:30:\"{\"name\":\"Headbutt\",\"power\":70}\";i:3;s:35:\"{\"name\":\"Horn Drill\",\"power\":\"ATK\"}\";}','superrare',25000,'2021-05-15 12:15:31','2021-05-15 14:19:31'),(149,'Dragonite','https://raw.githubusercontent.com/PokeAPI/sprites/master/sprites/pokemon/other/official-artwork/149.png',91,134,95,80,'Dragon','a:4:{i:0;s:32:\"{\"name\":\"Fire Punch\",\"power\":75}\";i:1;s:31:\"{\"name\":\"Ice Punch\",\"power\":75}\";i:2;s:35:\"{\"name\":\"Thunder Punch\",\"power\":75}\";i:3;s:32:\"{\"name\":\"Razor Wind\",\"power\":80}\";}','unique',50000,'2021-05-15 12:15:31','2021-05-15 14:19:31'),(150,'Mewtwo','https://raw.githubusercontent.com/PokeAPI/sprites/master/sprites/pokemon/other/official-artwork/150.png',106,110,90,130,'Psychic','a:4:{i:0;s:32:\"{\"name\":\"Mega Punch\",\"power\":80}\";i:1;s:29:\"{\"name\":\"Pay Day\",\"power\":40}\";i:2;s:32:\"{\"name\":\"Fire Punch\",\"power\":75}\";i:3;s:31:\"{\"name\":\"Ice Punch\",\"power\":75}\";}','legend',100000,'2021-05-15 12:15:32','2021-05-15 14:19:31'),(151,'Mew','https://raw.githubusercontent.com/PokeAPI/sprites/master/sprites/pokemon/other/official-artwork/151.png',100,100,100,100,'Psychic','a:4:{i:0;s:27:\"{\"name\":\"Pound\",\"power\":40}\";i:1;s:32:\"{\"name\":\"Mega Punch\",\"power\":80}\";i:2;s:29:\"{\"name\":\"Pay Day\",\"power\":40}\";i:3;s:32:\"{\"name\":\"Fire Punch\",\"power\":75}\";}','legend',100000,'2021-05-15 12:15:32','2021-05-15 14:19:31'),(152,'parche','https://i.pinimg.com/originals/ff/b9/2d/ffb92d83c5204518bff497eb8e4c577b.jpg',35,55,40,0,'electric','a:4:{i:0;s:27:\"{\"name\":\"Pound\",\"power\":40}\";i:1;s:32:\"{\"name\":\"Mega Punch\",\"power\":80}\";i:2;s:29:\"{\"name\":\"Pay Day\",\"power\":40}\";i:3;s:32:\"{\"name\":\"Fire Punch\",\"power\":75}\";}','rare',0,'2021-05-20 00:37:39','2021-05-20 00:37:39');
/*!40000 ALTER TABLE `pokemons` ENABLE KEYS */;
UNLOCK TABLES;

--
-- Table structure for table `shop`
--

DROP TABLE IF EXISTS `shop`;
/*!40101 SET @saved_cs_client     = @@character_set_client */;
/*!50503 SET character_set_client = utf8mb4 */;
CREATE TABLE `shop` (
  `id` bigint unsigned NOT NULL AUTO_INCREMENT,
  `user_id` bigint unsigned NOT NULL,
  `poke_id` bigint unsigned NOT NULL,
  `price` int DEFAULT NULL,
  `created_at` datetime NOT NULL,
  `updated_at` datetime NOT NULL,
  PRIMARY KEY (`id`),
  KEY `shop_user_id_foreign` (`user_id`),
  KEY `shop_poke_id_foreign` (`poke_id`),
  CONSTRAINT `shop_poke_id_foreign` FOREIGN KEY (`poke_id`) REFERENCES `pokemons` (`id`),
  CONSTRAINT `shop_user_id_foreign` FOREIGN KEY (`user_id`) REFERENCES `users` (`id`)
) ENGINE=InnoDB AUTO_INCREMENT=9 DEFAULT CHARSET=utf8mb4 COLLATE=utf8mb4_unicode_ci;
/*!40101 SET character_set_client = @saved_cs_client */;

--
-- Dumping data for table `shop`
--

LOCK TABLES `shop` WRITE;
/*!40000 ALTER TABLE `shop` DISABLE KEYS */;
INSERT INTO `shop` VALUES (1,1,9,275000,'2021-05-21 10:26:28','2021-05-21 10:26:28'),(2,1,6,275000,'2021-05-21 10:26:28','2021-05-21 10:26:28'),(3,1,12,275000,'2021-05-21 10:26:28','2021-05-21 10:26:28'),(4,1,15,275000,'2021-05-21 10:26:28','2021-05-21 10:26:28'),(5,1,18,275000,'2021-05-21 10:26:28','2021-05-21 10:26:28'),(6,1,151,275000,'2021-05-21 10:26:28','2021-05-21 10:26:28'),(7,1,3,75000,'2021-05-22 13:50:06','2021-05-22 13:50:06'),(8,1,2,75000,'2021-05-22 13:50:06','2021-05-22 13:50:06');
/*!40000 ALTER TABLE `shop` ENABLE KEYS */;
UNLOCK TABLES;

--
-- Table structure for table `users`
--

DROP TABLE IF EXISTS `users`;
/*!40101 SET @saved_cs_client     = @@character_set_client */;
/*!50503 SET character_set_client = utf8mb4 */;
CREATE TABLE `users` (
  `id` bigint unsigned NOT NULL AUTO_INCREMENT,
  `nick` varchar(255) COLLATE utf8mb4_unicode_ci NOT NULL,
  `email` varchar(255) COLLATE utf8mb4_unicode_ci NOT NULL,
  `password` varchar(255) COLLATE utf8mb4_unicode_ci NOT NULL,
  `image` varchar(255) COLLATE utf8mb4_unicode_ci DEFAULT NULL,
  `wins` int NOT NULL DEFAULT '0',
  `loses` int NOT NULL DEFAULT '0',
  `game_played` int NOT NULL DEFAULT '0',
  `pokemons` varchar(255) COLLATE utf8mb4_unicode_ci DEFAULT NULL,
  `coins` int NOT NULL DEFAULT '0',
  `cart` varchar(255) COLLATE utf8mb4_unicode_ci DEFAULT NULL,
  `turn` varchar(255) COLLATE utf8mb4_unicode_ci DEFAULT NULL,
  `created_at` datetime NOT NULL,
  `updated_at` datetime NOT NULL,
  PRIMARY KEY (`id`),
  UNIQUE KEY `users_email_unique` (`email`)
) ENGINE=InnoDB AUTO_INCREMENT=10 DEFAULT CHARSET=utf8mb4 COLLATE=utf8mb4_unicode_ci;
/*!40101 SET character_set_client = @saved_cs_client */;

--
-- Dumping data for table `users`
--

LOCK TABLES `users` WRITE;
/*!40000 ALTER TABLE `users` DISABLE KEYS */;
INSERT INTO `users` VALUES (1,'Houssam','houssambenali@gmail.com','$2y$10$4M1zcsr2YtfYkg2Eq4bdF.Vr.VSJ9c4oO8ndF0wMbX8lYGrRJCvDO','7cprWv6WLkj4dMuFOWcMJ45xLEDIunfqS4UOMfCU.jpg',0,0,0,'a:17:{i:0;i:7;i:1;i:1;i:2;i:4;i:3;i:9;i:4;i:6;i:5;i:12;i:6;i:15;i:7;i:18;i:8;i:151;i:9;s:2:\"42\";i:10;s:2:\"19\";i:11;s:2:\"16\";i:12;s:2:\"43\";i:13;s:2:\"32\";i:14;s:2:\"69\";i:15;i:3;i:16;i:2;}',2633850,NULL,NULL,'2021-05-19 22:05:56','2021-05-22 14:22:20'),(2,'user','hbena@gmail.com','$2y$10$TLaZSNqLA3D1HOvGce8GGeZ8H10rNCZiw2TEiyQZRol92pw7ZE1Oi',NULL,0,0,0,'a:1:{i:0;i:7;}',3000000,NULL,NULL,'2021-05-19 22:51:52','2021-05-19 22:51:52'),(3,'Hoube','Hoube@gmail.com','$2y$10$UgtIJ37pApke/T33d2O9KOVLoAXNUNnLW3wmw7WdiUZ5xkxkQ0qhG','D2IInRXNGdBykouMapVVL6GaqH0xsFVGvPTd9ClO.jpg',0,0,0,'a:3:{i:0;s:1:\"4\";i:1;s:1:\"7\";i:2;s:1:\"1\";}',3000000,NULL,NULL,'2021-05-20 14:34:41','2021-05-20 15:17:53'),(4,'pepito','pep@gmail.com','$2y$10$DUDVeWBPSrAYjdgX71UT8uL6rtXeuwiJDFEJgUaS.SIfbTRUW5sd6',NULL,0,0,0,'a:2:{i:0;s:1:\"7\";i:1;s:1:\"4\";}',0,NULL,NULL,'2021-05-21 13:51:08','2021-05-21 13:51:08'),(5,'234','hoube1@gmail.com','$2y$10$idxEZ22ywTSIVMVcPzEwGelQnlrcB8aeCwUiR1UuShgfbUwIQdA4.',NULL,0,0,0,'a:1:{i:0;s:1:\"7\";}',0,NULL,NULL,'2021-05-21 14:31:26','2021-05-21 14:31:26'),(6,'pip','p@gmail.com','$2y$10$HuGUeoe2D8EW2S.O08wGyOVyN2QA/pHnhH3hoUiErq6AIybyo2UIq',NULL,0,0,0,'a:1:{i:0;s:1:\"7\";}',0,NULL,NULL,'2021-05-21 14:39:42','2021-05-21 14:39:42'),(7,'h@gmail.com','h@gmail.com','$2y$10$pvFuFVyh/lNoLSnLfweHp.4KSwuZNdr5qXYdLzSnBQYqo.irHA4mi',NULL,0,0,0,'a:1:{i:0;s:1:\"1\";}',0,NULL,NULL,'2021-05-21 14:41:29','2021-05-21 14:41:29'),(8,'hou','123@gmail.com','$2y$10$hck29Fh5Raq18uhYjlshre37VMdIPdELySKZgcYaAKUluLLV4x0SC',NULL,0,0,0,'a:1:{i:0;s:1:\"7\";}',0,NULL,NULL,'2021-05-21 14:42:55','2021-05-21 14:42:55'),(9,'kaa','k@g.com','$2y$10$DMcM0DahKkYWJNrwOsBITOGHeYVxvHEX24i2eNDvBTFgGDgBQfMqK',NULL,0,0,0,'a:1:{i:0;s:1:\"1\";}',0,NULL,NULL,'2021-05-21 14:45:19','2021-05-21 14:45:19');
/*!40000 ALTER TABLE `users` ENABLE KEYS */;
UNLOCK TABLES;
/*!40103 SET TIME_ZONE=@OLD_TIME_ZONE */;

/*!40101 SET SQL_MODE=@OLD_SQL_MODE */;
/*!40014 SET FOREIGN_KEY_CHECKS=@OLD_FOREIGN_KEY_CHECKS */;
/*!40014 SET UNIQUE_CHECKS=@OLD_UNIQUE_CHECKS */;
/*!40101 SET CHARACTER_SET_CLIENT=@OLD_CHARACTER_SET_CLIENT */;
/*!40101 SET CHARACTER_SET_RESULTS=@OLD_CHARACTER_SET_RESULTS */;
/*!40101 SET COLLATION_CONNECTION=@OLD_COLLATION_CONNECTION */;
/*!40111 SET SQL_NOTES=@OLD_SQL_NOTES */;

-- Dump completed on 2021-05-22 17:18:15
